"ID","Name","Date","Maximum.Wind","dLat","dLong","angle","direction"
"EP011949","            UNNAMED",19490611,45,0.400000000000002,-3.89999999999998,174.143986414571,"West"
"EP021949","            UNNAMED",19490617,45,11.9,-10,130.041549080515,"Northwest"
"EP031949","            UNNAMED",19490903,45,10.7,-10.2,133.6295489822,"Northwest"
"EP041949","            UNNAMED",19490909,75,5.2,-2.30000000000001,113.860175191342,"Northwest"
"EP051949","            UNNAMED",19490917,45,4.7,-6.59999999999999,144.544525565558,"Northwest"
"EP061949","            UNNAMED",19490929,75,0.599999999999998,-4.19999999999999,171.869897645844,"West"
"EP011950","            UNNAMED",19500614,75,7.4,-7.80000000000001,136.507435758775,"Northwest"
"EP021950","            UNNAMED",19500703,75,4.9,-7.69999999999999,147.528807709151,"Northwest"
"EP031950","            UNNAMED",19500709,75,2,-10,168.69006752598,"West"
"CP011950","               HIKI",19500812,75,12.9,-33.5,158.939570663995,"West"
"EP041950","            UNNAMED",19500812,45,1.3,-1.89999999999998,145.619655276155,"Northwest"
"EP051950","            UNNAMED",19500826,75,2.4,-11.5,168.211816700892,"West"
"EP061950","            UNNAMED",19501001,75,2.9,-3.20000000000002,137.815556684211,"Northwest"
"EP011951","            UNNAMED",19510517,45,7.3,3.00000000000003,67.6593520400057,"North"
"EP021951","            UNNAMED",19510601,75,4,-4.80000000000001,140.194428907735,"Northwest"
"EP031951","            UNNAMED",19510626,45,0.5,-3,170.537677791974,"West"
"EP041951","            UNNAMED",19510705,45,2.3,-2.80000000000001,140.599339336521,"Northwest"
"EP051951","            UNNAMED",19510803,45,9.1,-34.5,165.223743426985,"West"
"EP061951","            UNNAMED",19510824,45,16.3,-14.2,131.061260916149,"Northwest"
"EP071951","            UNNAMED",19510911,45,4.8,-5.30000000000001,137.834111016307,"Northwest"
"EP081951","            UNNAMED",19510923,75,6.5,-19.2,161.296898160635,"West"
"EP091951","            UNNAMED",19511127,45,10,-4.90000000000001,116.104854009099,"Northwest"
"EP011952","            UNNAMED",19520529,45,4.6,4.59999999999999,45,"Northeast"
"EP021952","            UNNAMED",19520612,45,4.4,-8.69999999999999,153.172125989685,"Northwest"
"EP031952","            UNNAMED",19520719,45,3.3,-6.40000000000001,152.723236616886,"Northwest"
"EP041952","            UNNAMED",19520724,75,3.5,-10,160.709953780811,"West"
"EP051952","            UNNAMED",19520915,75,10.4,-18.4,150.524110996754,"Northwest"
"EP061952","            UNNAMED",19520926,45,1.7,-4,156.974507991472,"Northwest"
"EP071952","            UNNAMED",19521013,75,0.600000000000001,-6.80000000000001,174.957548930829,"West"
"EP011953","            UNNAMED",19530825,45,5.3,-3.59999999999999,124.186122486375,"Northwest"
"EP021953","            UNNAMED",19530909,45,2.9,-2.80000000000001,133.994913994746,"Northwest"
"EP031953","            UNNAMED",19530914,75,5.4,-0.0999999999999943,91.0609116902642,"North"
"EP041953","            UNNAMED",19531002,75,5.9,-14,157.148052151084,"Northwest"
"EP011954","            UNNAMED",19540618,45,4.2,-9,154.9831065219,"Northwest"
"EP021954","            UNNAMED",19540710,45,-0.4,-17.1,181.3400077809,"West"
"EP031954","            UNNAMED",19540712,75,14.1,-18,141.927218126009,"Northwest"
"EP041954","            UNNAMED",19540725,75,-1.1,-19.4,183.24525490389,"West"
"EP051954","            UNNAMED",19540902,45,4,-29.6,172.303948277983,"West"
"EP061954","            UNNAMED",19540905,45,6.7,-11.8,150.412236534581,"Northwest"
"EP071954","            UNNAMED",19540915,45,0.899999999999999,-17.5,177.055953650012,"West"
"EP081954","            UNNAMED",19540921,45,1.7,-20.1,175.165593693737,"West"
"EP091954","            UNNAMED",19540927,75,3.1,-9.40000000000001,161.748104162921,"West"
"EP101954","            UNNAMED",19541012,45,3.9,2.10000000000002,61.6992442339934,"Northeast"
"EP111954","            UNNAMED",19541026,75,5.5,-26.7,168.36031128487,"West"
"EP011955","            UNNAMED",19550606,75,3.7,-1.90000000000001,117.181111085477,"Northwest"
"EP021955","            UNNAMED",19550608,45,5.8,0.199999999999989,88.0250659891181,"North"
"EP031955","            UNNAMED",19550706,45,-0.9,-9.90000000000001,185.194428907735,"West"
"EP041955","            UNNAMED",19550901,45,2.4,-8.19999999999999,163.686147573739,"West"
"EP051955","            UNNAMED",19551001,45,6.9,-5,125.928502422823,"Northwest"
"EP061955","            UNNAMED",19551015,75,4.3,-0.599999999999994,97.9434718105903,"North"
"EP011956","            UNNAMED",19560518,75,0.699999999999999,-8.90000000000001,175.502848385332,"West"
"EP021956","            UNNAMED",19560530,45,2,-12,170.537677791974,"West"
"EP031956","            UNNAMED",19560609,75,3.5,-4,138.81407483429,"Northwest"
"EP041956","            UNNAMED",19560612,75,4.5,-4.5,135,"Northwest"
"EP051956","            UNNAMED",19560709,75,2.2,-15.1,171.710595610974,"West"
"EP061956","            UNNAMED",19560714,45,0.600000000000001,-5.90000000000001,174.193273094468,"West"
"EP071956","            UNNAMED",19560822,75,4,-18.4,167.735226272108,"West"
"EP081956","            UNNAMED",19560903,45,-1.3,-4.90000000000001,194.858614447925,"West"
"EP091956","            UNNAMED",19560904,75,0,-7.90000000000001,180,"West"
"EP101956","            UNNAMED",19560912,75,7.3,-18.7,158.675602633506,"West"
"EP111956","            UNNAMED",19561016,45,-0.600000000000001,-5.40000000000001,186.34019174591,"West"
"EP011957","              KANOA",19570715,75,7.8,-45.8,170.334933487756,"West"
"EP021957","            UNNAMED",19570806,90,21.4,-44.1,154.114520178464,"Northwest"
"EP031957","            UNNAMED",19570809,75,14.9,-12.1,129.079379285953,"Northwest"
"CP011957","              DELLA",19570901,110,9.8,-46.9,168.197565792216,"West"
"EP041957","            UNNAMED",19570909,45,3,-6.69999999999999,155.879016880557,"Northwest"
"EP051957","            UNNAMED",19570917,75,3.2,-3.69999999999999,139.144623741104,"Northwest"
"EP061957","            UNNAMED",19570920,45,4.3,-0.900000000000006,101.821488340607,"North"
"CP021957","            UNNAMED",19570925,45,0.699999999999999,-13.5,177.031765970128,"West"
"EP071957","            UNNAMED",19570926,45,0.800000000000001,-2.39999999999998,161.565051177078,"West"
"EP081957","            UNNAMED",19571001,75,15.4,13.5,48.7614374770153,"Northeast"
"EP091957","            UNNAMED",19571017,75,7.6,-3.40000000000003,114.102234501161,"Northwest"
"EP101957","            UNNAMED",19571020,120,10.3,6.40000000000001,58.1448676175507,"Northeast"
"CP031957","               NINA",19571129,75,6,-10.8,150.945395900923,"Northwest"
"EP011958","            UNNAMED",19580606,75,11.4,-10,131.257011704313,"Northwest"
"EP021958","            UNNAMED",19580613,45,4.7,-4.5,133.754635733232,"Northwest"
"EP031958","            UNNAMED",19580719,75,0.699999999999999,-10.7,176.257011704313,"West"
"EP041958","            UNNAMED",19580721,75,4.7,-9.5,153.67670173219,"Northwest"
"EP051958","            UNNAMED",19580726,45,9.7,-16.9,150.14570614443,"Northwest"
"EP061958","            UNNAMED",19580731,45,2.2,-4.5,153.946504689509,"Northwest"
"CP011958","            UNNAMED",19580807,45,0,-5.90000000000001,180,"West"
"EP071958","            UNNAMED",19580813,45,0.100000000000001,-6.40000000000001,179.104826289789,"West"
"EP081958","            UNNAMED",19580906,90,-0.600000000000001,-16.2,182.121096396661,"West"
"EP091958","            UNNAMED",19580911,45,7.2,-5.40000000000001,126.869897645844,"Northwest"
"EP101958","            UNNAMED",19580930,75,18.2,-5.89999999999998,107.961440764187,"North"
"EP111958","            UNNAMED",19581014,45,0.300000000000001,-11.9,178.555874469064,"West"
"EP121958","            UNNAMED",19581029,45,2.6,3.5,36.6070748126075,"Northeast"
"EP011959","            UNNAMED",19590610,45,9.1,-3.69999999999999,112.126334809373,"North"
"EP021959","            UNNAMED",19590626,45,3.8,-7,151.504361381755,"Northwest"
"EP031959","            UNNAMED",19590716,45,8.4,-22.3,159.359530804904,"West"
"EP041959","            UNNAMED",19590722,45,1.1,-13.1,175.200163886095,"West"
"EP051959","            UNNAMED",19590729,45,0.699999999999999,-1.79999999999995,158.749494492866,"West"
"CP011959","                DOT",19590801,130,7.5,-21.8,161.014902849568,"West"
"EP061959","            UNNAMED",19590804,45,0.100000000000001,-7.5,179.23610153907,"West"
"EP071959","            UNNAMED",19590819,45,3.7,-4.90000000000001,142.94347181059,"Northwest"
"EP081959","            UNNAMED",19590827,45,-1.8,-5.59999999999999,197.818888914523,"West"
"EP091959","            UNNAMED",19590904,75,18.6,-21.9,139.658254109676,"Northwest"
"CP021959","              PATSY",19590906,150,14.5,0.199999999999989,89.2097634975709,"North"
"EP101959","            UNNAMED",19590921,75,4.4,-8.70000000000002,153.172125989686,"Northwest"
"CP031959","              WANDA",19590926,60,-1.7,-6,195.8191939475,"West"
"EP111959","            UNNAMED",19591019,45,2,3.90000000000001,27.1496816977831,"Northeast"
"EP121959","            UNNAMED",19591022,120,8.6,-8.19999999999999,133.636072468397,"Northwest"
"EP011960","            ANNETTE",19600609,45,2.7,-14.4,169.380344723845,"West"
"EP021960","              BONNY",19600622,45,6.9,-7.09999999999997,135.818455461688,"Northwest"
"EP031960","            CELESTE",19600720,75,6.3,-12.7,153.615692007331,"Northwest"
"EP041960","              DIANA",19600817,75,13.7,-13,133.498207477641,"Northwest"
"EP051960","            ESTELLE",19600829,75,15.6,-30.6,152.987334652061,"Northwest"
"EP061960","           FERNANDA",19600903,75,6.8,-17.3,158.542017646625,"West"
"EP071960","           HYACINTH",19601021,75,5.1,-1.80000000000001,109.440034828176,"North"
"EP011961","                IVA",19610609,75,7.3,0.699999999999989,84.5226312711712,"North"
"EP021961","             JOANNE",19610710,45,-0.399999999999999,-4.5,185.079607860015,"West"
"EP031961","           KATHLEEN",19610714,45,-0.5,-3.39999999999998,188.365886124033,"West"
"EP041961","               LIZA",19610715,45,10,-22.7,156.225134683915,"Northwest"
"EP051961","              NAOMI",19610804,45,0.599999999999998,-4.09999999999999,171.674349669573,"West"
"EP061961","               ORLA",19610906,45,10,-3.59999999999999,109.798876354525,"North"
"EP071961","            PAULINE",19611003,45,2.1,-4.09999999999999,152.878696595841,"Northwest"
"EP081961","            REBECCA",19611003,45,2.3,-5.90000000000001,158.702645950966,"West"
"EP091961","             SIMONE",19611101,45,4.6,-2.60000000000002,119.475889003246,"Northwest"
"EP101961","               TARA",19611110,75,4.2,1.39999999999998,71.5650511770783,"North"
"EP011962","            VALERIE",19620624,75,8.4,-2.39999999999998,105.945395900923,"North"
"EP021962","              WILLA",19620708,45,1.3,-11.2,173.379223917685,"West"
"EP031962","                AVA",19620816,45,7.9,-6,127.216440473535,"Northwest"
"EP041962","            UNNAMED",19620820,45,0.900000000000002,-3.30000000000001,164.744881296942,"West"
"EP051962","            UNNAMED",19620829,45,-2.2,-15.3,188.182522997821,"West"
"EP061962","            BERNICE",19620902,45,7.6,-5.39999999999998,125.394795844987,"Northwest"
"EP071962","            CLAUDIA",19620920,45,13,-7.69999999999999,120.638585338187,"Northwest"
"EP081962","            UNNAMED",19620926,45,3.2,-9.09999999999999,160.625860231342,"West"
"EP091962","             DOREEN",19621001,75,14.1,-2,98.0732048758252,"North"
"EP011963","              EMILY",19630629,75,3,-2,123.69006752598,"Northwest"
"EP021963","           FLORENCE",19630714,75,0.700000000000003,-17.2,177.669481132021,"West"
"EP031963","             GLENDA",19630719,75,-0.300000000000001,-8,182.147585428298,"West"
"CP011963","            UNNAMED",19630802,45,20,-20.6,135.846674023862,"Northwest"
"EP041963","           JEN-KATH",19630909,45,20.2,-20.7,135.700402512235,"Northwest"
"EP051963","               IRAH",19630912,45,0.399999999999999,-53.6,179.572427493167,"West"
"EP061963","            LILLIAN",19630924,45,7,-4.20000000000002,120.963756532074,"Northwest"
"EP071963","               MONA",19631017,75,8.6,5.40000000000001,57.8750015596125,"Northeast"
"EP011964","            NATALIE",19640706,45,11.4,-3.40000000000001,106.606980578617,"North"
"EP021964","             ODESSA",19640715,75,5.6,-19,163.577812501685,"West"
"EP031964","           PRUDENCE",19640720,45,7.3,-17.8,157.700859776069,"West"
"EP041964","            ROSALYN",19640821,45,1.5,-4.79999999999998,162.645975363739,"West"
"EP051964","             TILLIE",19640907,45,3.6,-4.79999999999998,143.130102354156,"Northwest"
"EP011965","           VICTORIA",19650604,45,6.6,-12.8,152.723236616886,"Northwest"
"EP021965","             WALLIE",19650617,45,3.1,-3.19999999999999,135.909380449199,"Northwest"
"EP031965","                AVA",19650629,45,1.2,-21.2,176.760299703898,"West"
"EP041965","            BERNICE",19650630,45,7.3,-28.8,165.77666893736,"West"
"EP051965","            CLAUDIA",19650807,45,13.5,-12.4,132.568050054082,"Northwest"
"EP061965","             DOREEN",19650821,45,15.4,-28.9,151.948097140687,"Northwest"
"EP071965","              EMILY",19650830,80,15.5,-7.09999999999999,114.610835219718,"Northwest"
"EP081965","           FLORENCE",19650908,45,6.8,-24.2,164.30507585658,"West"
"EP091965","             GLENDA",19650913,45,10,-23.1,156.592192650662,"Northwest"
"EP101965","              HAZEL",19650924,45,4.4,4.60000000000002,43.7269699799431,"Northeast"
"EP011966","              ADELE",19660620,75,4.1,-2.90000000000003,125.272421448599,"Northwest"
"EP021966","             BLANCA",19660803,75,14.9,-49,163.086446761658,"West"
"EP031966","             CONNIE",19660808,75,1.8,-33.4,176.915187669502,"West"
"EP041966","            DOLORES",19660816,75,11.9,-35.3,161.370499193011,"West"
"EP051966","             EILEEN",19660823,75,9.4,-17.8,152.161918802865,"Northwest"
"EP061966","          FRANCESCA",19660906,75,5.8,-17.4,161.565051177078,"West"
"EP071966","           GRETCHEN",19660908,45,-4.2,-12,199.290046219189,"West"
"EP081966","              HELGA",19660909,75,13.6,-1.80000000000001,97.5394451395094,"North"
"EP091966","               IONE",19660911,45,4.5,-7.10000000000002,147.633361935275,"Northwest"
"EP101966","              JOYCE",19660915,45,1.1,-9.79999999999998,173.595647273616,"West"
"EP111966","            KIRSTEN",19660926,45,11.4,5.69999999999999,63.4349488229221,"Northeast"
"EP121966","           LORRAINE",19661004,45,3.1,-0.199999999999989,93.6913859864511,"North"
"EP131966","             MAGGIE",19661016,45,10.4,-7.99999999999997,127.568592028827,"Northwest"
"EP011967","             AGATHA",19670607,45,0.9,-7.5,173.157226587369,"West"
"EP021967","            BRIDGET",19670616,40,1.2,-1.30000000000001,137.290610042639,"Northwest"
"EP031967","           CARLOTTA",19670623,75,7.4,-12.4,149.172337700132,"Northwest"
"EP041967","             DENISE",19670706,45,5.8,-70.7,175.310141173505,"West"
"EP051967","            ELEANOR",19670713,55,12,-41.1,163.72373705794,"West"
"EP061967","           FRANCENE",19670724,45,11.3,-18.4,148.444648024101,"Northwest"
"EP071967","          GEORGETTE",19670725,45,4.4,-16.7,165.239550697908,"West"
"EP081967","               ILSA",19670812,60,9.7,-23.1,157.221811225389,"Northwest"
"EP091967","              JEWEL",19670818,75,9,-15,149.036243467926,"Northwest"
"EP101967","            KATRINA",19670830,75,15.4,-3.60000000000002,103.157542740015,"North"
"EP111967","               LILY",19670905,75,17.1,-13.4,128.083162797814,"Northwest"
"CP011967","              SARAH",19670909,130,25,-58.6,156.895878946521,"Northwest"
"EP121967","             MONICA",19670913,50,3,-6.59999999999999,155.556045219583,"Northwest"
"EP131967","            NANETTE",19670913,45,5.7,-13.4,156.956402199844,"Northwest"
"EP141967","             OLIVIA",19671006,110,13.9,-4.09999999999999,106.434163206253,"North"
"EP151967","          PRISCILLA",19671014,75,6.1,-24.6,166.073413392469,"West"
"EP161967","             RAMONA",19671021,45,9.9,-32.2,162.90977556578,"West"
"EP011968","            ANNETTE",19680620,45,4.4,-3,124.286876977209,"Northwest"
"EP021968","              BONNY",19680704,45,10.5,-16.4,147.370844164284,"Northwest"
"EP031968","            CELESTE",19680715,45,7.7,-25.2,163.009176708014,"West"
"EP041968","              DIANA",19680721,45,5.6,-27.7,168.57078432667,"West"
"EP051968","            ESTELLE",19680723,45,4,-38.6,174.083730588737,"West"
"EP061968","           FERNANDA",19680805,75,11.3,-39.5,164.035448038436,"West"
"EP071968","               GWEN",19680806,45,8.5,-18.9,155.784861013968,"Northwest"
"EP081968","           HYACINTH",19680817,45,14.7,-2.40000000000001,99.2726017772003,"North"
"EP091968","                IVA",19680821,45,11.4,-26.6,156.801409486352,"Northwest"
"EP101968","             JOANNE",19680821,75,15.5,-25.6,148.806404897557,"Northwest"
"EP111968","           KATHLEEN",19680824,45,4.7,-43.4,173.819244618341,"West"
"EP121968","               LIZA",19680828,75,11.4,-26.6,156.801409486352,"Northwest"
"EP131968","           MADELINE",19680829,45,1.4,-3.39999999999998,157.61986494804,"West"
"EP141968","              NAOMI",19680909,75,16.4,-4.5,105.343766047764,"North"
"EP151968","               ORLA",19680922,50,-0.600000000000001,-30.1,181.141957326789,"West"
"EP161968","            PAULINE",19680926,75,16.9,-11.2,123.533307918457,"Northwest"
"EP171968","            REBECCA",19681006,75,9.8,-14.3,145.576586544969,"Northwest"
"EP181968","             SIMONE",19681018,45,1.2,-1.10000000000002,132.510447078001,"Northwest"
"EP191968","               TARA",19681020,45,8,-32.9,166.333136812534,"West"
"EP011969","                AVA",19690701,45,9,-21.7,157.473939453271,"Northwest"
"EP021969","            BERNICE",19690709,75,6.6,-30,167.592581472599,"West"
"EP031969","            CLAUDIA",19690722,45,2,-7.90000000000001,165.79323388224,"West"
"EP041969","             DOREEN",19690804,75,5.4,-14,158.907660494172,"West"
"EP051969","              EMILY",19690823,55,3.5,-7.80000000000001,155.833370157015,"Northwest"
"EP061969","           FLORENCE",19690902,60,7.4,-6.59999999999999,131.729512076816,"Northwest"
"EP071969","             GLENDA",19690908,65,10.9,-15.8,145.399238112387,"Northwest"
"EP081969","            HEATHER",19690919,55,6.6,-13.5,153.946504689509,"Northwest"
"EP091969","               IRAH",19690930,45,1.7,-2.09999999999999,141.009005957494,"Northwest"
"EP101969","           JENNIFER",19691009,65,11.1,-1.09999999999999,95.6594818401625,"North"
"EP011970","              ADELE",19700530,75,3.8,-32.3,173.290163192243,"West"
"EP021970","             BLANCA",19700610,50,2.5,-2.09999999999999,130.03025927189,"Northwest"
"EP031970","             CONNIE",19700617,45,6.2,-5.69999999999999,132.594029483355,"Northwest"
"EP041970","             EILEEN",19700626,40,8.5,-4.60000000000002,118.421209224527,"Northwest"
"EP051970","          FRANCESCA",19700701,85,6.9,-35.5,169.000779119554,"West"
"EP061970","           GRETCHEN",19700714,45,3.3,-13.6,166.360947947628,"West"
"EP071970","              HELGA",19700716,50,5.7,-6.09999999999999,136.941486390914,"Northwest"
"EP081970","IONE 2",19700722,45,7.7,-12.6,148.570434385162,"Northwest"
"EP091970","IONE 1",19700724,50,3,-0.699999999999989,103.134022306396,"North"
"EP101970","              JOYCE",19700729,50,1.8,-16.1,173.620751832387,"West"
"EP111970","            KRISTEN",19700805,45,7.7,-13.2,149.743562836471,"Northwest"
"EP121970","           LORRAINE",19700816,85,8.8,-45.7,169.100523315805,"West"
"EP131970","             MAGGIE",19700820,50,4.6,-28.7,170.894151458549,"West"
"EP141970","              NORMA",19700831,50,10.3,-10.2,134.720510609455,"Northwest"
"CP011970","                DOT",19700901,70,15.2,2,82.5041423602702,"North"
"EP151970","             ORLENE",19700907,55,3.5,3.30000000000001,46.6846843178962,"Northeast"
"EP161970","           PATRICIA",19701004,95,6.6,-34.7,169.230877811996,"West"
"EP171970","            ROSALIE",19701021,45,6.5,-5.29999999999998,129.193273094468,"Northwest"
"EP181970","              SELMA",19701101,60,8.2,-2.90000000000001,109.476575498932,"North"
"EP011971","             AGATHA",19710521,85,7.7,-9.79999999999995,141.842773412631,"Northwest"
"EP021971","            BRIDGET",19710614,85,8.5,-20.3,157.280002718542,"Northwest"
"EP031971","           CARLOTTA",19710702,75,9.4,-27.6,161.192198872965,"West"
"EP041971","             DENISE",19710702,120,5.4,-57.3,174.616298323188,"West"
"EP051971","            ELEANOR",19710707,50,2.2,-24,174.762523933187,"West"
"EP061971","          FRANCESCA",19710718,100,4,-23.3,170.258771471605,"West"
"EP071971","          GEORGETTE",19710720,50,6.6,-27.2,166.360947947628,"West"
"EP081971","             HILARY",19710726,85,11.1,-32.6,161.196763819038,"West"
"EP091971","               ILSA",19710731,100,10.4,-28.9,160.208144326669,"West"
"EP101971","              JEWEL",19710806,60,5.4,-15.9,161.241349652158,"West"
"EP111971","            KATRINA",19710808,55,11.9,-11.1,133.007906427034,"Northwest"
"EP121971","               LILY",19710828,75,7.7,-11.8,146.873849102374,"Northwest"
"EP131971","             MONICA",19710829,100,11.5,-6.19999999999999,118.33045808554,"Northwest"
"EP141971","            NANETTE",19710903,85,8.8,-22.1,158.288045209914,"West"
"EP151971","             OLIVIA",19710920,100,16.5,-27.8,149.309802140231,"Northwest"
"EP161971","          PRISCILLA",19711006,110,12.1,-13.9,138.960311830458,"Northwest"
"EP171971","             RAMONA",19711028,50,5.4,-8.00000000000003,145.980650010174,"Northwest"
"EP181971","             SHARON",19711125,35,1.5,-11,172.234833981575,"West"
"EP011972","            ANNETTE",19720601,75,7.9,6.30000000000001,51.4287477488298,"Northeast"
"EP021972","              BONNY",19720727,45,3.3,-10.8,163.009176708014,"West"
"EP031972","            CELESTE",19720806,115,6.7,-53.2,172.821968834386,"West"
"EP041972","              DIANA",19720811,95,10.3,-39.2,165.278022913926,"West"
"EP051972","            ESTELLE",19720815,70,17.1,-22.8,143.130102354156,"Northwest"
"EP061972","           FERNANDA",19720820,100,14.8,-51.9,164.083769675338,"West"
"EP071972","               GWEN",19720822,110,19.4,-22.9,139.730010832029,"Northwest"
"EP081972","           HYACINTH",19720828,110,23.2,-21.9,133.348915861716,"Northwest"
"EP091972","                IVA",19720914,45,4.7,-25.9,169.714622025053,"West"
"CP011972","               JUNE",19720924,50,7.7,-13.4,150.117167654587,"Northwest"
"EP101972","             JOANNE",19720930,85,18.5,-8.09999999999999,113.645622635102,"Northwest"
"EP111972","           KATHLEEN",19721018,40,4.3,0.0999999999999943,88.6677801461304,"North"
"CP021972","               RUBY",19721111,110,12,-30.5,158.52320902046,"West"
"EP121972","               LIZA",19721113,45,-0.299999999999999,-5.19999999999999,183.301865674435,"West"
"EP011973","                AVA",19730602,140,5.5,-36.9,171.52239149297,"West"
"EP021973","            BERNICE",19730622,60,4.9,-4.89999999999998,135,"Northwest"
"EP031973","            CLAUDIA",19730626,55,7.6,-4.30000000000001,119.500724623499,"Northwest"
"EP041973","             DOREEN",19730718,120,8.8,-66.3,172.439323100809,"West"
"EP051973","              EMILY",19730721,120,8.7,-26,161.498966108906,"West"
"EP061973","           FLORENCE",19730725,80,7,-19.6,160.346175941947,"West"
"EP071973","             GLENDA",19730730,50,8.8,-23.9,159.786250861404,"West"
"EP081973","            HEATHER",19730831,45,2.5,-1,111.801409486352,"North"
"EP091973","               IRAH",19730922,95,13.7,-4.89999999999998,109.68031308969,"North"
"EP101973","           JENNIFER",19730923,35,12.8,8.59999999999999,56.1038334366361,"Northeast"
"EP111973","          KATHERINE",19730929,85,2,-39.4,177.094079000347,"West"
"EP121973","            LILLIAN",19731005,75,5.8,-16.2,160.30137862542,"West"
"EP011974","             ALETTA",19740528,50,5.8,-2.10000000000002,109.903749537308,"North"
"EP021974","             BLANCA",19740605,50,4.6,-9.69999999999999,154.628438246904,"Northwest"
"EP031974","             CONNIE",19740607,110,11.6,-8.69999999999999,126.869897645844,"Northwest"
"EP041974","            DOLORES",19740614,70,4.7,-1.89999999999998,112.011283197919,"North"
"EP051974","             EILEEN",19740702,35,4.9,-3.09999999999999,122.31961650818,"Northwest"
"EP061974","          FRANCESCA",19740714,65,11,-20,151.189206257027,"Northwest"
"EP071974","           GRETCHEN",19740717,85,10.7,-6.30000000000001,120.488940499831,"Northwest"
"EP081974","              HELGA",19740810,40,3,-14.9,168.616137528928,"West"
"EP091974","               IONE",19740820,100,4.8,-26.3,169.656815778834,"West"
"CP011974","              OLIVE",19740822,40,2.6,-19.1,172.248220845703,"West"
"EP101974","              JOYCE",19740822,75,5.5,-19.5,164.248826336547,"West"
"EP111974","            KIRSTEN",19740822,75,0.200000000000001,-2.40000000000001,175.236358309274,"West"
"EP121974","           LORRAINE",19740823,45,5.4,-5.30000000000001,134.464541014436,"Northwest"
"EP131974","             MAGGIE",19740826,120,8.7,-14.7,149.381394591091,"Northwest"
"EP141974","              NORMA",19740909,65,3.2,-0.100000000000023,91.7899106082465,"North"
"EP151974","             ORLENE",19740921,90,11.2,-7,122.005383208083,"Northwest"
"EP161974","           PATRICIA",19741006,80,6.6,-40.6,170.766676490723,"West"
"EP171974","            ROSALIE",19741021,55,-2.3,-6.69999999999999,198.946504689509,"West"
"EP011975","             AGATHA",19750602,70,6.2,-7.69999999999999,141.159163029143,"Northwest"
"EP021975","            BRIDGET",19750628,55,0,-12.3,180,"West"
"EP031975","           CARLOTTA",19750702,110,7.9,-28.4,164.455080658596,"West"
"EP041975","             DENISE",19750705,120,10,-24.6,157.878058028118,"West"
"EP051975","            ELEANOR",19750710,35,5,-3.80000000000001,127.234833981575,"Northwest"
"EP061975","           FRANCENE",19750727,45,1.2,-8.80000000000001,172.234833981575,"West"
"EP071975","          GEORGETTE",19750811,40,2.8,-11.8,166.651272886713,"West"
"EP081975","             HILARY",19750813,50,9.3,-16,149.832704389616,"Northwest"
"EP091975","               ILSA",19750818,90,7.9,-32.7,166.41814756407,"West"
"EP101975","              JEWEL",19750824,65,6.5,-28.7,167.23888483747,"West"
"EP111975","            KATRINA",19750829,115,11.1,-27.9,158.304890539203,"West"
"CP011975","            UNNAMED",19750831,65,23,9.5,67.5572466347056,"North"
"EP121975","               LILY",19750916,75,5.8,-22.3,165.420970648452,"West"
"EP131975","             MONICA",19750928,45,3.5,-9.5,159.775140568832,"West"
"EP141975","            NANETTE",19750928,45,1.2,-18,176.18592516571,"West"
"EP151975","             OLIVIA",19751022,100,9.9,2.29999999999998,76.9208762199333,"North"
"EP161975","          PRISCILLA",19751102,55,6,-17.5,161.075355583949,"West"
"EP011976","            ANNETTE",19760603,120,9.5,-20,154.592281891052,"Northwest"
"EP021976","              BONNY",19760626,65,0.199999999999999,-14.2,179.193070544898,"West"
"EP031976","            CELESTE",19760714,45,2.5,-31.3,175.433354394601,"West"
"EP041976","              DIANA",19760716,85,6.4,-44.4,171.797645755374,"West"
"EP051976","            ESTELLE",19760727,35,2.6,-7.90000000000001,161.782904802175,"West"
"EP061976","           FERNANDA",19760728,35,2.3,-20.5,173.59846375985,"West"
"EP071976","               GWEN",19760805,55,13.7,-52.9,165.480581208188,"West"
"EP081976","           HYACINTH",19760806,100,8.5,-38,167.391393206634,"West"
"EP091976","                IVA",19760824,115,11.9,-32.5,159.88960116331,"West"
"EP101976","             JOANNE",19760829,45,5.4,-32.3,170.508914852868,"West"
"EP111976","           KATHLEEN",19760907,70,23.5,-6.40000000000001,105.234486446293,"North"
"CP011976","               KATE",19760922,80,12.9,-11.9,132.690937210974,"Northwest"
"EP121976","               LIZA",19760925,120,15.8,-1.59999999999999,95.782392322364,"North"
"EP131976","           MADELINE",19760929,125,9,-11.5,141.952957468174,"Northwest"
"EP141976","              NAOMI",19761025,45,9.2,12.3,36.7952938084313,"Northeast"
"EP011977","                AVA",19770526,55,6.3,-1.69999999999999,105.101098161385,"North"
"EP021977","            BERNICE",19770625,35,7.1,-14.4,153.754142063997,"Northwest"
"EP031977","            CLAUDIA",19770703,80,1.7,-19.1,174.913778290365,"West"
"EP041977","             DOREEN",19770813,65,15.4,-12.1,128.157226587369,"Northwest"
"EP051977","              EMILY",19770913,35,5.5,-4.19999999999999,127.366669412769,"Northwest"
"EP061977","           FLORENCE",19770920,90,13.5,1.89999999999998,81.9887683871441,"North"
"EP071977","             GLENDA",19770924,35,17.1,-8.69999999999999,116.96571443287,"Northwest"
"EP081977","            HEATHER",19771004,75,12.6,-9.20000000000002,126.135376611589,"Northwest"
"EP011978","             ALETTA",19780530,65,4,-2.80000000000001,124.992020198559,"Northwest"
"EP021978","                BUD",19780617,50,5,-13.5,159.676863170337,"West"
"EP031978","           CARLOTTA",19780617,115,5.4,-29.5,169.626801903041,"West"
"EP041978","             DANIEL",19780626,100,2.8,-37.7,175.752409152327,"West"
"EP051978","             EMILIA",19780706,55,6.7,-14.2,154.740609480191,"Northwest"
"EP061978","               FICO",19780709,120,21.1,-71.6,163.58013756578,"West"
"EP071978","              GILMA",19780713,100,10.2,-28.7,160.434751502257,"West"
"EP081978","             HECTOR",19780722,120,10.1,-29.8,161.277135110521,"West"
"EP091978","                IVA",19780811,65,4.5,-12,159.443954780417,"West"
"EP101978","               JOHN",19780818,90,2.5,-46.7,176.93569910937,"West"
"EP111978","             KRISTY",19780818,90,10.8,-40.3,164.997814564488,"West"
"EP121978","               LANE",19780819,45,0.600000000000001,-23,178.505666408733,"West"
"EP131978","             MIRIAM",19780823,80,3,-53,176.760299703898,"West"
"EP141978","             NORMAN",19780830,120,21.7,-20,132.665493563335,"Northwest"
"EP151978","             OLIVIA",19780920,65,0.800000000000001,-1,141.34019174591,"Northwest"
"EP161978","               PAUL",19780923,40,11.9,-6.80000000000001,119.744881296942,"Northwest"
"EP171978","               ROSA",19781002,75,9.6,-9.30000000000001,134.090619550801,"Northwest"
"CP011978","              SUSAN",19781018,115,4.5,-12.8,160.630237965099,"West"
"EP181978","             SERGIO",19781018,35,10.1,-6.20000000000002,121.544157021076,"Northwest"
"EP011979","             ANDRES",19790531,85,8,-8.5,136.735704588928,"Northwest"
"EP021979","             BLANCA",19790621,45,3.8,-22.2,170.28674897506,"West"
"EP031979","             CARLOS",19790714,45,1.5,-9.5,171.027373385104,"West"
"EP041979","            DOLORES",19790717,105,16.8,-23.3,144.207263765521,"Northwest"
"EP051979","            ENRIQUE",19790817,125,10.1,-22,155.340574927789,"Northwest"
"EP061979","               FEFA",19790821,100,4.5,-21.5,168.178511659393,"West"
"EP071979","          GUILLERMO",19790908,65,5.6,-9.59999999999999,149.743562836471,"Northwest"
"EP081979","              HILDA",19791004,40,2.8,-14,168.69006752598,"West"
"EP091979","            IGNACIO",19791023,125,6.3,-6.5,135.895173710211,"Northwest"
"EP101979","             JIMENA",19791115,55,2.3,-11.6,168.785085315346,"West"
"EP011980","             AGATHA",19800609,100,9,-25,160.201123645475,"West"
"EP021980","               BLAS",19800616,50,3.9,-6.79999999999998,150.164460899738,"Northwest"
"EP031980","              CELIA",19800625,65,8.6,-18.5,155.067938825195,"Northwest"
"EP041980","              DARBY",19800701,45,1.2,-18,176.18592516571,"West"
"EP051980","            ESTELLE",19800712,40,1.6,-4.80000000000001,161.565051177078,"West"
"EP061980","              FRANK",19800718,45,5.4,-8.5,147.572445004228,"Northwest"
"EP071980","          GEORGETTE",19800728,65,5.8,-15.2,159.114198539307,"West"
"EP081980","             HOWARD",19800731,90,14.3,-17.3,140.423218596773,"Northwest"
"EP091980","               ISIS",19800805,85,6.9,-15.1,155.441796558417,"Northwest"
"EP101980","             JAVIER",19800822,100,11,-23.1,154.536654938128,"Northwest"
"EP111980","                KAY",19800916,120,13.6,-54,165.863938201853,"West"
"EP121980","             LESTER",19800921,35,1.3,-6.89999999999998,169.330217195503,"West"
"EP131980","           MADELINE",19801011,45,3.3,-2.80000000000001,130.314100160497,"Northwest"
"EP141980","             NEWTON",19801028,35,3.6,2.90000000000001,51.1466256596466,"Northeast"
"EP011981","             ADRIAN",19810530,40,4.6,7.69999999999999,30.854204505897,"Northeast"
"EP021981","            BEATRIZ",19810628,75,14.1,-18.1,142.081212244659,"Northwest"
"EP031981","             CALVIN",19810704,45,8.2,-7.90000000000003,133.93250031626,"Northwest"
"EP041981","               DORA",19810710,80,6.1,-22.9,165.084156558775,"West"
"EP051981","             EUGENE",19810716,45,3.9,-19.4,168.633282827512,"West"
"EP061981","           FERNANDA",19810806,90,12.3,-34.1,160.165432757538,"West"
"EP071981","               GREG",19810813,65,1.1,-35.8,178.240068867267,"West"
"EP081981","             HILARY",19810821,75,2.7,-22.5,173.157226587369,"West"
"EP091981","              IRWIN",19810827,45,7.7,-9.5,140.974323286481,"Northwest"
"EP101981","               JOVA",19810914,75,8.8,-35.1,165.925354540831,"West"
"EP111981","               KNUT",19810919,55,8.6,-1.40000000000001,99.2461127455633,"North"
"EP121981","              LIDIA",19811006,45,6.5,1,81.2538377374448,"North"
"EP131981","                MAX",19811007,45,3.8,-2.90000000000001,127.349349044641,"Northwest"
"EP141981","              NORMA",19811008,110,9.2,-2,102.264773727892,"North"
"EP151981","               OTIS",19811024,75,11.8,-7,120.677280021796,"Northwest"
"EP011982","             ALETTA",19820520,55,4.7,2.30000000000001,63.9246444160511,"Northeast"
"EP021982","                BUD",19820615,45,0.6,-5.40000000000001,173.65980825409,"West"
"EP031982","           CARLOTTA",19820701,50,8.4,-10.9,142.380636358841,"Northwest"
"EP041982","             DANIEL",19820707,100,11.2,-58,169.07051199782,"West"
"EP051982","             EMILIA",19820712,55,4.4,-14.9,163.548023316346,"West"
"EP061982","              FABIO",19820717,70,8,-27.4,163.72373705794,"West"
"EP071982","              GILMA",19820726,110,9.1,-42.2,167.831085670091,"West"
"EP081982","             HECTOR",19820729,65,9.6,-23.8,158.032756593187,"West"
"EP091982","                IVA",19820801,35,3.7,-25.7,171.807483967358,"West"
"EP101982","               JOHN",19820802,100,3.5,-37.7,174.695966674047,"West"
"EP111982","             KRISTY",19820808,80,8.4,-39.3,167.935115589475,"West"
"EP121982","               LANE",19820808,55,8.9,-29.6,163.265245526045,"West"
"EP131982","             MIRIAM",19820830,75,17,-41,157.479434397103,"Northwest"
"CP011982","              AKONI",19820830,45,2.5,-10.8,166.966643674086,"West"
"EP141982","             NORMAN",19820909,90,15.6,-7.90000000000001,116.858121662104,"Northwest"
"CP021982","                EMA",19820915,40,5.2,2.90000000000001,60.8519281542869,"Northeast"
"CP031982","               HANA",19820915,40,-1.3,-3.5,200.376435213836,"West"
"EP151982","             OLIVIA",19820918,125,19.7,-19.7,135,"Northwest"
"EP161982","               PAUL",19820918,95,14,-19,143.615648184164,"Northwest"
"EP171982","               ROSA",19820930,45,6.1,-10.2,149.118921303056,"Northwest"
"EP181982","             SERGIO",19821014,110,9.7,-41.8,166.935327268045,"West"
"EP191982","               TARA",19821019,45,11.6,-27,156.750206837325,"Northwest"
"CP041982","                IWA",19821119,80,17,14.9,48.7663879709668,"Northeast"
"EP011983","             ADOLPH",19830521,95,16.3,-14.5,131.655349681734,"Northwest"
"EP021983","            BARBARA",19830609,115,8.8,-24.5,160.242540278071,"West"
"EP031983","              COSME",19830702,35,7.1,-9.90000000000001,144.352979250093,"Northwest"
"EP041983","            DALILIA",19830705,60,7.4,-26.1,164.170646025503,"West"
"EP051983","              ERICK",19830712,55,9.1,-18.2,153.434948822922,"Northwest"
"EP061983","            FLOSSIE",19830717,50,2.5,-14.8,170.412166975181,"West"
"EP071983","                GIL",19830723,80,13,-72.5,169.834305120457,"West"
"EP081983","          HENRIETTE",19830727,115,15.7,-41.5,159.277705293241,"West"
"EP091983","             ISMAEL",19830808,85,16.1,-12.1,126.926795124175,"Northwest"
"EP101983","           JULIETTE",19830824,50,10.6,-18.4,150.054316559605,"Northwest"
"EP111983","               KIKO",19830831,125,13.1,-18.6,144.842922196792,"Northwest"
"EP121983","             LORENA",19830906,100,9.9,-25.8,159.007146626886,"West"
"EP131983","             MANUEL",19830912,100,18.4,-19.5,136.662471486756,"Northwest"
"EP141983","              NARDA",19830921,60,-0.4,-49.2,180.465809082765,"West"
"EP151983","             OCTAVE",19830927,45,12.2,1,85.3141001604973,"North"
"EP161983","          PRISCILLA",19830930,100,15.1,-11.9,128.240918873029,"Northwest"
"EP171983","            RAYMOND",19831008,125,9.6,-55.1,170.116640547849,"West"
"EP181983","              SONIA",19831009,40,-3.4,-21.8,188.864623388411,"West"
"EP191983","               TICO",19831011,115,15,-5.10000000000002,108.778033222446,"North"
"EP201983","              VELMA",19831101,35,0.6,-4.10000000000002,171.674349669573,"West"
"EP211983","             WINNIE",19831204,80,4.1,-1.20000000000002,106.313852426261,"North"
"EP011984","               ALMA",19840517,50,0.6,-21.5,178.401462907324,"West"
"EP021984","              BORIS",19840528,65,8.7,-21.4,157.876190012355,"West"
"EP031984","           CRISTINA",19840617,90,7.5,-19.3,158.763822019328,"West"
"EP041984","            DOUGLAS",19840625,125,10.4,-42.2,166.155594362684,"West"
"EP051984","              ELIDA",19840628,115,5.7,-14,157.846655262222,"West"
"EP061984","             FAUSTO",19840703,95,8.1,-13.9,149.769198530292,"Northwest"
"EP071984","          GENEVIEVE",19840707,100,13.8,-15.5,138.320605707623,"Northwest"
"EP081984","             HERNAN",19840727,45,1.1,-14.5,175.661733208572,"West"
"EP091984","             ISELLE",19840803,115,12.4,-27.8,155.961065734542,"Northwest"
"EP101984","              JULIO",19840815,55,5.2,-9.69999999999999,151.805020937538,"Northwest"
"CP011984","               KELI",19840816,100,7.8,-22.7,161.036646584425,"West"
"EP111984","              KENNA",19840816,50,-0.300000000000001,-13.4,181.28252708271,"West"
"EP121984","               LALA",19840823,45,4.3,-34.2,172.833748840288,"West"
"EP131984","             LOWELL",19840826,75,9.2,-15.8,149.788677614165,"Northwest"
"CP021984","               MOKE",19840904,45,3.2,1,72.6459753637387,"North"
"EP141984","              MARIE",19840905,80,13.7,-16.2,139.779499918805,"Northwest"
"EP151984","            NORBERT",19840914,115,8.6,2,76.9081069356532,"North"
"EP161984","              ODILE",19840917,90,4.7,-0.5,96.0724564072077,"North"
"EP171984","               POLO",19840926,100,11.6,-12.3,136.677639466153,"Northwest"
"EP181984","             RACHEL",19841007,55,4,-22.9,170.091962897242,"West"
"EP191984","              SIMON",19841031,55,2.6,-34.8,175.727219232391,"West"
"EP011985","             ANDRES",19850605,60,0.100000000000001,-27.1,179.788577418961,"West"
"EP021985","             BLANCA",19850606,105,7,-31,167.275644314578,"West"
"EP031985","             CARLOS",19850607,35,2.3,-1,113.498565675952,"Northwest"
"EP041985","            DOLORES",19850626,100,17.3,-35.1,153.762349713766,"Northwest"
"EP051985","            ENRIQUE",19850627,35,2.7,-33.6,175.405746668734,"West"
"EP061985","               FEFA",19850702,60,8.5,-10.9,142.052306007841,"Northwest"
"EP071985","          GUILLERMO",19850707,50,10.7,-24,155.971094000094,"Northwest"
"EP081985","              HILDA",19850718,35,4.4,-6.40000000000001,145.491477012332,"Northwest"
"EP101985","             JIMENA",19850720,115,11.6,-29.2,158.33404127671,"West"
"EP091985","            IGNACIO",19850721,115,1.1,-24.1,177.386653724691,"West"
"EP111985","              KEVIN",19850729,55,7.7,-31.1,166.093875414011,"West"
"EP121985","              LINDA",19850729,45,4.1,-35.9,173.484699448704,"West"
"EP131985","              MARTY",19850806,65,12.6,-21.4,149.511059500169,"Northwest"
"EP141985","               NORA",19850819,40,8,-16,153.434948822922,"Northwest"
"EP151985","               OLAF",19850822,75,13.1,-28.3,155.160698450694,"Northwest"
"EP161985","            PAULINE",19850827,75,12.2,-41.9,163.766053667262,"West"
"EP171985","               RICK",19850901,125,11.5,-38,163.162527374324,"West"
"EP181985","             SANDRA",19850905,110,6.1,-41.3,171.598171731409,"West"
"EP191985","              TERRY",19850915,100,16.8,-23.1,143.972626614896,"Northwest"
"EP201985","             VIVIAN",19850918,35,0.899999999999999,-2.20000000000002,157.750976342788,"West"
"EP211985","              WALDO",19851007,90,9.5,-1,96.0090059574945,"North"
"CP011985","               NELE",19851023,80,22.1,-10.3,114.988501121894,"Northwest"
"EP221985","               XINA",19851025,100,-2,-8.69999999999999,192.946509515637,"West"
"EP011986","             AGATHA",19860522,65,1.3,12,6.18293016594826,"East"
"EP021986","               BLAS",19860617,35,1.8,-7,165.579226872489,"West"
"EP031986","              CELIA",19860624,75,13.3,-18.2,143.841814560192,"Northwest"
"EP041986","              DARBY",19860703,35,6,-13.7,156.348686673358,"Northwest"
"EP051986","            ESTELLE",19860716,115,8.3,-51.2,170.791920469751,"West"
"EP061986","              FRANK",19860724,75,11.7,-49.6,166.727291448023,"West"
"EP071986","          GEORGETTE",19860803,35,-0.0999999999999996,-15.7,180.364936335731,"West"
"EP081986","             HOWARD",19860816,35,5.9,-10.9,151.574007756909,"Northwest"
"EP091986","               ISIS",19860819,45,5.7,-21.1,164.882832345413,"West"
"EP101986","             JAVIER",19860820,115,14.5,-40.2,160.165802605776,"West"
"EP111986","                KAY",19860828,40,1.9,-18.4,174.104482987631,"West"
"EP121986","             LESTER",19860913,45,4.7,-10.9,156.674649119024,"Northwest"
"EP131986","           MADELINE",19860915,60,7.8,-25.9,163.239889167607,"West"
"EP141986","             NEWTON",19860918,75,14.9,-15.2,135.571035373115,"Northwest"
"EP151986","             ORLENE",19860921,70,4.8,-6.30000000000001,142.696051722017,"Northwest"
"EP161986","              PAINE",19860928,85,15.7,-14.3,132.328135406727,"Northwest"
"EP171986","             ROSLYN",19861015,125,13.3,-13.3,135,"Northwest"
"EP011987","             ADRIAN",19870607,40,1.9,-2.30000000000001,140.440332031006,"Northwest"
"EP021987","            BEATRIZ",19870703,45,7.6,-13.9,151.331811608468,"Northwest"
"EP031987","             CALVIN",19870705,55,4.4,-20.4,167.828541791413,"West"
"EP041987","               DORA",19870715,50,6.4,-14.1,155.586668294975,"Northwest"
"EP051987","             EUGENE",19870722,85,11,-9.30000000000001,130.21300087905,"Northwest"
"EP061987","           FERNANDA",19870724,55,0.899999999999999,-29.5,178.252535193767,"West"
"EP071987","               GREG",19870728,70,9.8,-23,156.921778593959,"Northwest"
"EP081987","             HILARY",19870731,105,11.7,-31.5,159.623564786164,"West"
"EP091987","              IRWIN",19870803,55,7.1,-17.7,158.142801067294,"West"
"EP101987","               JOVA",19870813,90,0.4,-35.5,179.354441070865,"West"
"CP011987","                OKA",19870826,50,3.6,-15,166.504266719204,"West"
"EP111987","               KNUT",19870828,35,0,-10.3,180,"West"
"EP121987","              LIDIA",19870829,75,7.9,-15.8,153.434948822922,"Northwest"
"EP131987","                MAX",19870909,135,10.5,-23.4,155.833370157015,"Northwest"
"EP141987","              NORMA",19870914,65,8.8,-4.59999999999999,117.597295868644,"Northwest"
"EP151987","               OTIS",19870920,100,7.3,-19.2,159.18277924689,"West"
"CP021987","               PEKE",19870921,90,13,-6.30000000000001,115.855542188803,"Northwest"
"EP161987","              PILAR",19870930,35,2.4,0,90,"North"
"EP171987","              RAMON",19871005,120,9.8,-17.9,151.299910716864,"Northwest"
"EP181987","              SELMA",19871027,35,14.6,-1.60000000000002,96.2540327439166,"North"
"EP141988","            UNNAMED",19880615,30,0.9,-1,138.012787504183,"Northwest"
"EP011988","             ALETTA",19880616,60,2.7,-6.60000000000002,157.750976342788,"West"
"EP021988","                BUD",19880620,45,4.5,-8.10000000000002,150.945395900923,"Northwest"
"EP151988","            UNNAMED",19880702,25,3,-0.300000000000011,95.7105931374999,"North"
"EP031988","           CARLOTTA",19880708,65,7.7,-24.1,162.281211122548,"West"
"EP041988","             DANIEL",19880719,55,10.9,-23.5,155.116725168456,"Northwest"
"EP051988","             EMILIA",19880727,60,-0.6,-17,182.021364940356,"West"
"EP071988","              GILMA",19880728,45,6,-22.3,164.940726343406,"West"
"EP061988","              FABIO",19880728,120,6,-43,172.05652818941,"West"
"EP161988","            UNNAMED",19880728,25,2.5,-1.90000000000001,127.234833981575,"Northwest"
"EP081988","             HECTOR",19880730,125,7.8,-45.7,170.314184750086,"West"
"EP091988","                IVA",19880805,90,4.3,-26.9,170.918030427171,"West"
"EP171988","            UNNAMED",19880814,30,-1.4,0.0999999999999943,274.085616779975,"South"
"EP101988","               JOHN",19880816,35,5.1,-4.89999999999998,133.854237161825,"Northwest"
"EP181988","            UNNAMED",19880827,30,2.6,-0.0999999999999943,92.2025981617657,"North"
"CP011988","              ULEKI",19880828,110,19.4,-49.6,158.638089267691,"West"
"EP111988","             KRISTY",19880829,80,5.9,-15,158.528631676085,"West"
"EP191988","            UNNAMED",19880912,30,0.699999999999999,-2.80000000000001,165.963756532074,"West"
"CP021988","               WILA",19880921,35,5.2,-3.5,123.943587019752,"Northwest"
"EP121988","               LANE",19880921,90,10.8,-41.6,165.446427209287,"West"
"EP201988","            UNNAMED",19881011,30,-1.4,-6,193.134022306396,"West"
"EP131988","             MIRIAM",19881023,60,6.2,-31.5,168.865069362694,"West"
"EP011989","             ADOLPH",19890531,55,5.9,-17.6,161.467443469947,"West"
"EP021989","            BARBARA",19890615,70,4.8,-9.90000000000001,154.133643205906,"Northwest"
"EP031989","              COSME",19890618,75,12.7,-3.10000000000002,103.71734631836,"North"
"EP041989","            UNNAMED",19890709,30,2.8,-8.59999999999999,161.96571443287,"West"
"EP051989","            UNNAMED",19890709,30,2,-17.9,173.624679025192,"West"
"EP061989","            DALILIA",19890711,80,10.7,-54.7,168.931990561945,"West"
"EP071989","            UNNAMED",19890715,30,8.1,-21,158.907660494172,"West"
"EP081989","              ERICK",19890719,35,6.1,-17.7,160.984370591185,"West"
"EP091989","            FLOSSIE",19890723,35,10.3,-12.5,140.511477416021,"Northwest"
"EP101989","                GIL",19890730,75,12.8,-18.2,144.88140612035,"Northwest"
"EP121989","             ISMAEL",19890814,105,7,-41.6,170.448362541618,"West"
"EP111989","          HENRIETTE",19890815,45,6.5,-13,153.434948822922,"Northwest"
"EP131989","           JULIETTE",19890821,55,4.3,-6.5,146.513831184487,"Northwest"
"EP141989","               KIKO",19890825,105,-0.699999999999999,-6.09999999999999,186.546290783294,"West"
"EP151989","             LORENA",19890827,65,7,-26.1,164.98663420621,"West"
"EP161989","             MANUEL",19890828,40,5.6,-10.9,152.807647835696,"Northwest"
"EP171989","              NARDA",19890903,45,5.9,-22.8,165.491711356755,"West"
"EP181989","             OCTAVE",19890908,115,17.2,-18.3,136.774794318162,"Northwest"
"EP191989","          PRISCILLA",19890921,55,2.3,-14.6,171.047526665846,"West"
"EP211989","            RAYMOND",19890925,125,19.7,-9,114.55342308343,"Northwest"
"EP201989","            UNNAMED",19890925,30,-0.800000000000001,-1.59999999999997,206.565051177078,"Southwest"
"EP221989","            UNNAMED",19891003,30,1.2,-12.3,174.427802196036,"West"
"EP231989","            UNNAMED",19891014,20,0,0,270,"South"
"EP241989","            UNNAMED",19891016,30,1.6,-4.79999999999998,161.565051177078,"West"
"EP011990","               ALMA",19900512,75,4.7,-26.2,169.82992158128,"West"
"EP021990","              BORIS",19900602,80,13.7,-16.4,140.125770127521,"Northwest"
"EP031990","           CRISTINA",19900608,55,6,-14.5,157.520565602897,"West"
"EP041990","            DOUGLAS",19900619,55,7.4,-8.69999999999999,139.616352093551,"Northwest"
"EP051990","              ELIDA",19900626,70,6.7,-27.8,166.449714170864,"West"
"EP061990","            UNNAMED",19900629,30,8.8,-7.10000000000002,128.897220346344,"Northwest"
"EP071990","             FAUSTO",19900706,75,12.1,-23.7,152.953483017084,"Northwest"
"EP081990","          GENEVIEVE",19900710,90,16.1,-29.2,151.128982098927,"Northwest"
"EP091990","             HERNAN",19900719,135,14.2,-32,156.070745232549,"Northwest"
"EP101990","             ISELLE",19900720,105,15.4,-26,149.361414661813,"Northwest"
"EP111990","            UNNAMED",19900724,25,2,-2.5,141.34019174591,"Northwest"
"CP011990","                AKA",19900807,55,6.3,-42.3,171.528855366985,"West"
"EP121990","            UNNAMED",19900816,30,3.3,-14.6,167.263599795202,"West"
"EP131990","              JULIO",19900817,100,6,-38.8,171.209456817186,"West"
"EP141990","              KENNA",19900821,75,5.5,-26.2,168.144409932564,"West"
"EP151990","             LOWELL",19900823,65,5.9,-39.7,171.546880464811,"West"
"EP161990","              MARIE",19900907,120,4,-38.2,174.022226407639,"West"
"EP181990","            UNNAMED",19900909,30,5.8,-12.8,155.623531383325,"Northwest"
"EP171990","            NORBERT",19900910,70,10.7,-20,151.853218785878,"Northwest"
"EP191990","              ODILE",19900923,125,5.4,-26.1,168.310630824561,"West"
"EP211990","             RACHEL",19900927,55,15,-5.69999999999999,110.806791012711,"North"
"EP201990","               POLO",19900928,65,5.8,-6.40000000000001,137.815556684211,"Northwest"
"EP221990","              SIMON",19901009,60,7.4,-22.2,161.565051177078,"West"
"EP231990","              TRUDY",19901016,135,8.8,-25.3,160.820991974189,"West"
"EP241990","              VANCE",19901021,85,8.1,-16,153.149186706045,"Northwest"
"EP011991","             ANDRES",19910516,55,0.200000000000001,0.800000000000011,14.0362434679264,"East"
"EP021991","             BLANCA",19910614,55,4.3,-27.5,171.112985244457,"West"
"EP031991","             CARLOS",19910616,105,5.3,-40,172.452274226157,"West"
"EP041991","            DELORES",19910622,75,5.6,-10.2,151.232350661156,"Northwest"
"EP051991","            UNNAMED",19910628,30,3.6,-2.90000000000003,128.853374340354,"Northwest"
"EP061991","            ENRIQUE",19910715,65,7.3,-29,165.870819420535,"West"
"EP071991","               FEFA",19910729,105,8.5,-47.8,169.916819958403,"West"
"EP081991","          GUILLERMO",19910804,70,2.9,-35.2,175.290245694761,"West"
"EP091991","              HILDA",19910808,55,19.4,-19.7,135.439600935281,"Northwest"
"EP101991","            UNNAMED",19910912,30,3.3,-0.200000000000017,93.4682292589174,"North"
"EP111991","            IGNACIO",19910916,55,2,-0.600000000000023,106.699244233994,"North"
"EP121991","             JIMENA",19910920,115,12.4,-31.4,158.450715528806,"West"
"EP131991","              KEVIN",19910925,125,13.3,-51.3,165.46554491946,"West"
"EP141991","              LINDA",19911003,105,5.1,-21.3,166.534791905188,"West"
"EP151991","              MARTY",19911007,70,8.6,-30.6,164.302207482139,"West"
"EP161991","               NORA",19911107,90,11.3,-4.59999999999999,112.150237928351,"North"
"CP011992","              EKEKA",19920126,100,1.6,-59.4,178.45705242918,"West"
"CP021992","               HALI",19920328,45,1.9,-3.40000000000001,150.802513953936,"Northwest"
"EP011992","             AGATHA",19920601,60,6.3,-4.40000000000001,124.930937301111,"Northwest"
"EP021992","            UNNAMED",19920616,30,2.2,-3.09999999999999,144.637538112931,"Northwest"
"EP031992","               BLAS",19920622,35,0.200000000000001,-4.69999999999999,177.56335175319,"West"
"EP041992","              CELIA",19920622,125,8.8,-42.1,168.193673283678,"West"
"EP051992","              DARBY",19920702,105,16.6,-31.4,152.136274503576,"Northwest"
"EP061992","            ESTELLE",19920709,120,11.8,-22.2,152.007946955407,"Northwest"
"EP071992","              FRANK",19920713,125,12.8,-39.3,161.959583591364,"West"
"EP081992","          GEORGETTE",19920714,95,6.6,-62.3,173.952697930228,"West"
"EP091992","             HOWARD",19920726,55,1.9,-19,174.2894068625,"West"
"EP101992","               ISIS",19920728,55,8.1,-18.9,156.801409486352,"Northwest"
"EP111992","             JAVIER",19920730,70,-0.300000000000001,-55,180.312519334367,"West"
"EP121992","            UNNAMED",19920810,30,3.8,-10.1,159.381811876895,"West"
"EP131992","                KAY",19920818,45,-1.3,-27.2,182.736318990226,"West"
"EP141992","             LESTER",19920820,70,19.5,-1,92.9356734464212,"North"
"EP151992","           MADELINE",19920827,45,3.3,-17.5,169.321052803465,"West"
"EP161992","             NEWTON",19920827,45,3.8,-25.2,171.424767360165,"West"
"EP171992","             ORLENE",19920902,125,9.3,-52.7,169.992020198559,"West"
"EP181992","              INIKI",19920905,125,24.8,-25.1,135.34445945423,"Northwest"
"EP191992","              PAINE",19920911,65,-2,-9.19999999999999,192.264773727892,"West"
"EP201992","             ROSLYN",19920913,85,4.7,-35.5,172.458222255374,"West"
"EP211992","            SEYMOUR",19920917,75,6.1,-20.6,163.505108994938,"West"
"EP221992","               TINA",19920917,130,22.6,-44.5,153.075571406308,"Northwest"
"EP231992","             VIRGIL",19921001,115,7.1,-7.20000000000002,135.400663255792,"Northwest"
"EP241992","           WINIFRED",19921006,100,10.7,-5.39999999999998,116.778840406955,"Northwest"
"EP251992","             XAVIER",19921013,40,0.100000000000001,-5.90000000000001,179.028978068921,"West"
"EP261992","            YOLANDA",19921015,55,5.4,-34.6,171.129444143241,"West"
"EP271992","               ZEKE",19921025,45,7.2,-0.0999999999999943,90.7957235527392,"North"
"CP031992","            UNNAMED",19921122,30,-0.5,-2.70000000000002,190.491477012332,"West"
"EP011993","             ADRIAN",19930611,75,3.8,-3.70000000000002,134.23610153907,"Northwest"
"EP021993","            BEATRIZ",19930618,55,3.6,-2.60000000000002,125.837652954279,"Northwest"
"EP031993","            UNNAMED",19930627,30,10.6,-14.9,144.571595653757,"Northwest"
"EP041993","             CALVIN",19930704,95,10.6,-13.3,141.44541803626,"Northwest"
"EP051993","               DORA",19930714,115,6.3,-25.6,166.174595615404,"West"
"EP061993","             EUGENE",19930715,110,8.1,-47.2,170.262313996125,"West"
"CP011993","              KEONI",19930809,115,21.9,-50,156.34658124295,"Northwest"
"EP071993","           FERNANDA",19930809,125,16.5,-50,161.737110057806,"West"
"EP081993","               GREG",19930815,115,6.5,-38.6,170.441422898045,"West"
"EP091993","             HILARY",19930817,105,17.3,-17.9,135.976538035762,"Northwest"
"EP101993","              IRWIN",19930821,60,5.3,-5.10000000000002,133.898293884794,"Northwest"
"EP111993","               JOVA",19930829,115,7.9,-25.7,162.912938457277,"West"
"EP121993","            KENNETH",19930905,130,12.6,-31.7,158.323349771047,"West"
"EP131993","              LIDIA",19930908,130,19.9,-3.69999999999999,100.532711823142,"North"
"EP141993","            UNNAMED",19930921,30,0,-11.3,180,"West"
"EP151993","                MAX",19930930,40,3.4,-2.09999999999999,121.701429669506,"Northwest"
"EP161993","              NORMA",19931002,45,7.9,-7.30000000000001,132.739498088859,"Northwest"
"EP171993","            UNNAMED",19931011,30,6.5,-6,132.709389957361,"Northwest"
"EP011994","             ALETTA",19940618,45,5.7,-18.2,162.61013190297,"West"
"EP021994","                BUD",19940627,40,2.8,-10.9,165.593314843563,"West"
"EP031994","           CARLOTTA",19940628,90,9.2,-27.4,161.439677680215,"West"
"EP041994","             DANIEL",19940708,55,4.1,-32.4,172.787941136194,"West"
"EP051994","             EMILIA",19940716,140,12.8,-35.1,159.964484821769,"West"
"EP061994","              FABIO",19940719,40,3.7,-28.3,172.551282126178,"West"
"EP071994","              GILMA",19940721,140,7.5,-54.1,172.107268755986,"West"
"EP081994","                LI ",19940731,65,6.2,-64.6,174.517815690454,"West"
"EP091994","             HECTOR",19940807,55,6.1,-9.09999999999999,146.164880177549,"Northwest"
"CP011994","            UNNAMED",19940809,30,2.5,-19,172.50414236027,"West"
"EP111994","             ILEANA",19940810,65,12.5,-16,142.001267557495,"Northwest"
"EP101994","               JOHN",19940811,150,31.4,-73.2,156.782518692604,"Northwest"
"EP121994","            UNNAMED",19940812,30,9.2,-3.5,110.828555790207,"North"
"EP131994","             KRISTY",19940828,90,0.0999999999999996,-40.4,179.85817905322,"West"
"EP141994","               LANE",19940903,115,3.5,-34.3,174.173657970444,"West"
"CP021994","               MELE",19940906,35,2.8,-16.4,170.311213439633,"West"
"EP151994","             MIRIAM",19940915,40,1.4,-23.5,176.59066397951,"West"
"EP161994","             NORMAN",19940919,35,6.8,-7.19999999999999,136.636577041617,"Northwest"
"EP171994","             OLIVIA",19940922,130,9.6,-16.3,149.503741720033,"Northwest"
"EP181994","               PAUL",19940924,40,-0.6,5.90000000000001,354.193273094468,"East"
"EP191994","               ROSA",19941008,90,10.8,11.8,42.4664411116054,"Northeast"
"CP031994","               NONA",19941021,35,-0.600000000000001,-14.1,182.43664824681,"West"
"EP011995","            UNNAMED",19950521,30,1.1,-11.4,174.488522583979,"West"
"EP021995","             ADOLPH",19950615,115,7,-5.59999999999999,128.65980825409,"Northwest"
"EP031995","            BARBARA",19950707,120,6,-41.2,171.714202976046,"West"
"EP041995","              COSME",19950717,65,3.6,-16.9,167.974720390365,"West"
"EP051995","             DALILA",19950724,55,7.6,-18.8,157.988716802081,"West"
"EP061995","              ERICK",19950801,55,5.3,-9.79999999999998,151.594753566529,"Northwest"
"EP071995","            FLOSSIE",19950807,70,9.5,-15,147.652556500558,"Northwest"
"EP081995","                GIL",19950820,55,7.2,-21.3,161.32329826781,"West"
"EP091995","          HENRIETTE",19950901,85,8.9,-23.9,159.575427196555,"West"
"EP101995","             ISMAEL",19950912,70,15.7,-2.30000000000001,98.3343645173579,"North"
"EP111995","           JULIETTE",19950916,130,8.3,-12,145.329682089019,"Northwest"
"EP011996","            UNNAMED",19960513,45,3.1,-12.8,166.385817255171,"West"
"EP021996","            UNNAMED",19960515,30,0.799999999999999,-5.70000000000002,172.010673233603,"West"
"EP031996","               ALMA",19960620,90,5.6,-6.80000000000001,140.527540151656,"Northwest"
"EP041996","              BORIS",19960627,80,6.3,-11.2,150.642246457209,"Northwest"
"EP051996","           CRISTINA",19960701,60,7.2,-8.60000000000002,140.06361685303,"Northwest"
"EP061996","            UNNAMED",19960704,30,1.8,-1.30000000000001,125.837652954279,"Northwest"
"EP071996","            DOUGLAS",19960729,115,9.5,-40.3,166.73570919162,"West"
"EP081996","              ELIDA",19960830,55,11.3,-9.80000000000001,130.933681225194,"Northwest"
"EP091996","             FAUSTO",19960910,105,13.7,-5.10000000000002,110.418425517431,"North"
"CP011996","            UNNAMED",19960916,30,3.6,-19.2,169.380344723845,"West"
"EP101996","          GENEVIEVE",19960927,45,-1.5,-10.8,187.907162702958,"West"
"EP111996","             HERNAN",19960930,75,9.4,-6.80000000000001,125.882137246204,"Northwest"
"EP121996","            UNNAMED",19961107,30,3,-18.8,170.933497260184,"West"
"EP011997","             ANDRES",19970601,45,2.8,6.59999999999997,22.9887168020807,"Northeast"
"EP021997","             BLANCA",19970609,40,2.5,-14.2,170.015039795357,"West"
"EP031997","             CARLOS",19970621,30,0.199999999999999,-11.2,178.976969811332,"West"
"EP041997","            UNNAMED",19970625,45,3.9,-10.2,159.075498255079,"West"
"EP051997","            UNNAMED",19970629,30,0.5,-13.9,177.939888976277,"West"
"EP061997","            DOLORES",19970705,80,10.7,-35.6,163.271229471525,"West"
"EP071997","            ENRIQUE",19970712,100,13.9,-22.3,148.063954127386,"Northwest"
"EP081997","            FELICIA",19970714,115,8,-41.2,169.011348903506,"West"
"CP011997","            UNNAMED",19970726,25,-1.4,-4.90000000000001,195.945395900923,"West"
"EP091997","          GUILLERMO",19970730,140,28,-35.3,141.578509038494,"Northwest"
"EP101997","              HILDA",19970810,45,6.7,-15.8,157.020596556016,"Northwest"
"EP111997","            IGNACIO",19970817,35,16.3,-3.59999999999999,102.454349298159,"North"
"EP121997","             JIMENA",19970825,120,9.6,-8.09999999999999,130.155999624919,"Northwest"
"CP021997","              OLIWA",19970828,140,25.9,-54.9,154.743615207728,"Northwest"
"EP131997","              KEVIN",19970903,50,3.5,-14.6,166.519110185067,"West"
"EP141997","              LINDA",19970909,160,11.1,-23.3,154.527110413893,"Northwest"
"EP151997","              MARTY",19970912,40,-2.7,-3.80000000000001,215.394795844987,"Southwest"
"EP161997","               NORA",19970916,115,23.4,-12.4,117.919766428109,"Northwest"
"EP171997","               OLAF",19970926,60,7.7,-9.59999999999997,141.267481404849,"Northwest"
"CP031997","            UNNAMED",19971005,25,1.6,-14.6,173.745967256084,"West"
"EP181997","            PAULINE",19971005,115,7,-6,130.601294645004,"Northwest"
"CP041997","            UNNAMED",19971030,30,-2.1,-8.59999999999999,193.722297133134,"West"
"EP191997","               RICK",19971107,85,8,9.5,40.1009075462122,"Northeast"
"CP051997","               PAKA",19971128,160,12.8,-62.3,168.389722373333,"West"
"EP011998","             AGATHA",19980611,55,7.9,-18.4,156.763838488778,"Northwest"
"EP021998","            UNNAMED",19980619,30,3.4,-9.09999999999999,159.512985806669,"West"
"EP031998","               BLAS",19980622,120,10,-37.3,164.992124779489,"West"
"EP041998","              CELIA",19980717,50,5.9,-17,160.860217741347,"West"
"EP051998","              DARBY",19980723,100,11.2,-42.6,165.269678619155,"West"
"EP061998","            ESTELLE",19980729,115,8.1,-47.8,170.382247099636,"West"
"EP071998","              FRANK",19980806,40,11.9,-5.59999999999999,115.201123645475,"Northwest"
"EP081998","          GEORGETTE",19980811,100,13.9,-18.1,142.477330306661,"Northwest"
"CP011998","            UNNAMED",19980816,30,1.3,-12.2,173.917663306718,"West"
"EP091998","             HOWARD",19980820,130,8.3,-37,167.356469773512,"West"
"EP101998","               ISIS",19980901,65,9.7,-0.300000000000011,91.7714697400341,"North"
"EP111998","             JAVIER",19980906,50,2.7,1.60000000000002,59.3493320429468,"Northeast"
"EP121998","            UNNAMED",19981001,30,0.899999999999999,-1,138.012787504183,"Northwest"
"EP131998","                KAY",19981013,65,-4.3,-2.09999999999999,243.970407808487,"Southwest"
"EP141998","             LESTER",19981015,100,6.4,-23.5,164.765513553707,"West"
"EP151998","           MADELINE",19981016,75,5.9,-0.900000000000006,98.6731740478798,"North"
"EP011999","             ADRIAN",19990618,85,5.3,-14.9,160.419288338903,"West"
"EP021999","            BEATRIZ",19990709,105,6.9,-30.8,167.372746031176,"West"
"EP031999","            UNNAMED",19990714,30,0.699999999999999,-7.69999999999999,174.805571092265,"West"
"EP041999","            UNNAMED",19990723,30,0.9,-13,176.039688169542,"West"
"EP051999","             CALVIN",19990725,35,3.6,-7.40000000000001,154.057704510128,"Northwest"
"EP061999","            UNNAMED",19990726,30,1.8,-3.5,152.783888442693,"Northwest"
"EP071999","               DORA",19990806,120,16.2,-91.5,169.959873701363,"West"
"EP081999","             EUGENE",19990806,95,-0.0999999999999996,-41.9,180.136743844218,"West"
"EP091999","            UNNAMED",19990813,30,1.9,-5,159.193208987289,"West"
"EP101999","           FERNANDA",19990817,55,1.4,-17.5,175.426078740099,"West"
"EP111999","            UNNAMED",19990823,30,0.600000000000001,-1.59999999999999,159.443954780416,"West"
"EP121999","               GREG",19990905,65,4.6,-7.20000000000002,147.425942865428,"Northwest"
"EP131999","             HILARY",19990917,65,10.1,-7.40000000000001,126.229236717268,"Northwest"
"EP141999","              IRWIN",19991008,50,0.699999999999999,-7,174.2894068625,"West"
"EP012000","             ALETTA",20000522,90,2.8,-8.30000000000001,161.358208106301,"West"
"EP022000","                BUD",20000613,45,7.1,-4.59999999999999,122.938690542955,"Northwest"
"EP032000","           CARLOTTA",20000618,135,11.5,-23.3,153.730793592203,"Northwest"
"EP042000","            UNNAMED",20000706,25,0.399999999999999,-4.19999999999999,174.559667968994,"West"
"CP012000","              UPANA",20000720,40,-1.3,-25.9,182.873438497594,"West"
"EP052000","            UNNAMED",20000722,30,3.3,-9,159.863696571752,"West"
"EP062000","             DANIEL",20000723,110,26,-68.4,159.187353516741,"West"
"EP072000","             EMILIA",20000726,55,5.5,-13.9,158.412114169303,"West"
"EP082000","              FABIO",20000803,45,-2.2,-14.7,188.511705138425,"West"
"EP092000","              GILMA",20000805,70,7.3,-18.4,158.359835246065,"West"
"EP102000","             HECTOR",20000810,70,2.2,-21.4,174.130399556985,"West"
"EP112000","             ILEANA",20000813,60,6.2,-10.5,149.439160732628,"Northwest"
"CP022000","               WENE",20000816,45,5.8,2.5,66.6822916132449,"Northeast"
"EP122000","               JOHN",20000828,60,2.6,-4.5,149.981632572391,"Northwest"
"EP132000","             KRISTY",20000831,35,1.7,-1.79999999999998,136.636577041616,"Northwest"
"EP142000","               LANE",20000905,85,16.8,-20,139.96974072811,"Northwest"
"EP152000","             MIRIAM",20000915,35,4.5,-1.79999999999998,111.801409486352,"North"
"EP162000","             NORMAN",20000920,45,6.9,-2.90000000000003,112.796521467943,"Northwest"
"EP172000","             OLIVIA",20001002,55,5.7,-15.6,159.928474135461,"West"
"EP182000","               PAUL",20001025,40,1.5,-20.1,175.732106699709,"West"
"EP192000","               ROSA",20001103,55,6,-6.09999999999997,135.473508058735,"Northwest"
"EP012001","             ADOLPH",20010525,125,2.8,-11.4,166.200514603981,"West"
"EP022001","            BARBARA",20010620,50,11.2,-34.5,162.014616506784,"West"
"EP032001","              COSME",20010713,40,4.2,-8.19999999999999,152.878696595841,"Northwest"
"EP042001","              ERICK",20010720,35,7.2,-11.2,147.264773727892,"Northwest"
"EP052001","             DALILA",20010721,65,11.1,-27.3,157.873665190627,"West"
"EP062001","            UNNAMED",20010822,30,4,-2.40000000000001,120.963756532074,"Northwest"
"EP072001","            FLOSSIE",20010826,90,7.5,-9.90000000000001,142.853313301978,"Northwest"
"EP082001","                GIL",20010904,85,5.3,-14.9,160.419288338903,"West"
"EP092001","          HENRIETTE",20010904,55,4.7,-25.5,169.556805936503,"West"
"CP012001","            UNNAMED",20010910,30,-0.0999999999999996,-8.10000000000002,180.707319368544,"West"
"EP102001","                IVO",20010910,45,10.3,-18.6,151.023919076311,"Northwest"
"EP112001","           JULIETTE",20010921,125,17.6,-23.5,143.169132170676,"Northwest"
"EP122001","               KIKO",20010921,65,3.6,-13.2,164.744881296942,"West"
"CP022001","            UNNAMED",20010922,35,1.4,-17.7,175.477545853598,"West"
"EP132001","             LORENA",20011002,50,7.7,-4.69999999999999,121.399457483341,"Northwest"
"EP142001","            UNNAMED",20011003,30,1,-2.69999999999999,159.676863170337,"West"
"EP152001","             MANUEL",20011010,50,7.7,-22.6,161.185614475659,"West"
"EP162001","              NARDA",20011020,75,5.9,-21.5,164.65472278833,"West"
"EP172001","             OCTAVE",20011031,75,6.7,-9.69999999999999,145.36632260345,"Northwest"
"EP012002","               ALMA",20020524,100,6.6,-14.5,155.526281180955,"Northwest"
"EP022002","              BORIS",20020608,50,0.699999999999999,-0.300000000000011,113.198590513649,"Northwest"
"EP032002","            UNNAMED",20020627,30,1,-11.2,174.897834747642,"West"
"EP042002","           CRISTINA",20020709,55,8.5,-22.4,159.220034945303,"West"
"EP052002","            DOUGLAS",20020720,90,8.4,-32.9,165.677280021796,"West"
"EP062002","              ELIDA",20020723,140,21.4,-30.9,145.295205583864,"Northwest"
"EP072002","            UNNAMED",20020806,30,6,-7.09999999999999,139.799836113905,"Northwest"
"EP082002","             FAUSTO",20020821,125,30.3,-62.9,154.279092050598,"Northwest"
"CP012002","              ALIKA",20020821,55,5.1,-29.7,170.256358712963,"West"
"CP022002","                ELE",20020825,110,2.3,-22.3,174.111391253954,"West"
"EP092002","          GENEVIEVE",20020826,60,10.2,-16.6,148.431028870682,"Northwest"
"EP102002","             HERNAN",20020830,140,11,-21.6,153.012109418251,"Northwest"
"EP112002","            UNNAMED",20020905,30,5.7,-6.5,138.751729070526,"Northwest"
"EP122002","             ISELLE",20020915,60,9.7,-9.19999999999999,133.484592099978,"Northwest"
"EP132002","              JULIO",20020925,40,4.8,-2.5,117.512002623851,"Northwest"
"EP142002","              KENNA",20021022,145,12.3,-4.10000000000002,108.434948822922,"North"
"EP152002","             LOWELL",20021022,45,0.199999999999999,-18.7,179.387234277736,"West"
"CP032002","               HUKO",20021023,75,7,-25.3,164.534306376471,"West"
"EP162002","            UNNAMED",20021114,30,-0.4,-6.79999999999998,183.36646066343,"West"
"EP012003","             ANDRES",20030519,50,5.1,-39.7,172.679678062755,"West"
"EP022003","             BLANCA",20030617,50,1.6,-1.10000000000002,124.508522987669,"Northwest"
"EP032003","             CARLOS",20030626,55,1.8,-4.60000000000002,158.629377730657,"West"
"EP042003","            DOLORES",20030706,35,4.8,-9.5,153.1942116702,"Northwest"
"EP052003","            ENRIQUE",20030710,55,4.5,-24.3,169.508522987668,"West"
"EP062003","            FELICIA",20030717,45,4,-39.2,174.173657970444,"West"
"EP072003","          GUILLERMO",20030807,50,0.100000000000001,-25.8,179.777924447307,"West"
"EP082003","              HILDA",20030809,35,4.9,-19.4,165.824857944748,"West"
"CP012003","            UNNAMED",20030811,30,2.2,-21.6,174.184373470509,"West"
"EP092003","            IGNACIO",20030822,90,6.4,-6,133.152389734005,"Northwest"
"EP102003","             JIMENA",20030828,90,-0.800000000000001,-53,180.864776282291,"West"
"EP112003","              KEVIN",20030903,35,4.1,-5.09999999999999,141.203447901692,"Northwest"
"EP122003","              LINDA",20030913,65,0.800000000000001,-12.4,176.308614013549,"West"
"EP132003","              MARTY",20030918,85,13.4,-9,123.886959464052,"Northwest"
"EP142003","               NORA",20031001,90,8.1,1.40000000000001,80.1939072401029,"North"
"EP152003","               OLAF",20031003,65,9.1,-5.40000000000003,120.685173089595,"Northwest"
"EP162003","           PATRICIA",20031020,70,5.8,-15.2,159.114198539307,"West"
"EP012004","             AGATHA",20040522,50,4,-2.80000000000001,124.992020198559,"Northwest"
"EP022004","            UNNAMED",20040702,30,-1,-10.1,185.654420822641,"West"
"CP012004","            UNNAMED",20040704,25,1,-10.9,174.75818005302,"West"
"EP032004","               BLAS",20040712,55,12.3,-21.8,150.567431553684,"Northwest"
"EP042004","              CELIA",20040719,75,4.7,-23.5,168.69006752598,"West"
"EP052004","              DARBY",20040726,105,7.1,-29.2,166.333699927086,"West"
"EP062004","            UNNAMED",20040801,25,-0.4,-1.70000000000002,193.240519915187,"West"
"EP072004","            ESTELLE",20040819,60,2.4,-22.2,173.82982490497,"West"
"EP082004","              FRANK",20040823,75,4.8,-11.3,156.98524558121,"Northwest"
"EP092004","            UNNAMED",20040823,30,0.699999999999999,-14.9,177.31022967685,"West"
"EP102004","          GEORGETTE",20040826,55,8.4,-40.1,168.16896183235,"West"
"EP112004","             HOWARD",20040830,120,7.7,-24.4,162.485670500106,"West"
"EP122004","               ISIS",20040908,65,0.9,-30.1,178.287347423311,"West"
"EP132004","             JAVIER",20040910,130,18.8,-17.8,133.434930914408,"Northwest"
"EP142004","                KAY",20041004,40,0.199999999999999,-8.69999999999999,178.683087594207,"West"
"EP152004","             LESTER",20041011,45,2.3,-3.90000000000003,149.470294100066,"Northwest"
"EP162004","            UNNAMED",20041025,30,7.5,0.399999999999977,86.9471174852077,"North"
"EP012005","             ADRIAN",20050517,70,3.6,7.80000000000001,24.7751405688319,"Northeast"
"EP022005","            BEATRIZ",20050621,45,4.4,-12.8,161.029592191513,"West"
"EP032005","             CALVIN",20050626,45,8.3,-24.8,161.495769736222,"West"
"EP042005","               DORA",20050704,40,4,-8.40000000000001,154.536654938128,"Northwest"
"EP052005","             EUGENE",20050718,60,9.1,-10.1,137.981461219982,"Northwest"
"CP012005","                ONE",20050802,25,0.399999999999999,-9.09999999999999,177.48312434306,"West"
"EP062005","           FERNANDA",20050809,75,2.4,-27.2,174.957548930829,"West"
"EP072005","               GREG",20050811,45,1,-7.5,172.405356631409,"West"
"EP082005","             HILARY",20050819,90,12.2,-32.8,159.597254159123,"West"
"EP092005","              IRWIN",20050825,45,-3.5,-21.5,189.246112745563,"West"
"EP102005","               JOVA",20050912,110,8.9,-40.1,167.486321886355,"West"
"EP112005","            KENNETH",20050914,115,7.1,-36.2,168.903288475013,"West"
"EP122005","              LIDIA",20050917,35,1.7,0.800000000000011,64.7988763545246,"Northeast"
"EP132005","                MAX",20050917,70,8.3,-14.7,150.549804169702,"Northwest"
"EP142005","              NORMA",20050923,50,3.8,-11,160.942295489872,"West"
"EP152005","               OTIS",20050928,90,6.5,-5.79999999999998,131.742778059333,"Northwest"
"EP162005","            SIXTEEN",20051015,30,1.6,-19,175.186449106293,"West"
"EP012006","             ALETTA",20060527,40,1.8,-2.19999999999999,140.7105931375,"Northwest"
"EP022006","                TWO",20060603,30,0.699999999999999,3.69999999999999,10.7131230227911,"East"
"EP032006","                BUD",20060711,110,11.6,-34.5,161.415714122948,"West"
"EP042006","           CARLOTTA",20060712,75,7.1,-30.1,166.727654993004,"West"
"EP052006","             DANIEL",20060716,130,5.5,-43.8,172.842785970018,"West"
"EP062006","             EMILIA",20060721,55,19.1,-22.3,139.419871138855,"Northwest"
"EP072006","              FABIO",20060731,45,0.6,-29.3,178.826871548691,"West"
"EP082006","              GILMA",20060801,35,5,-8.39999999999998,149.237280465761,"Northwest"
"EP092006","             HECTOR",20060815,95,10.4,-30,160.880273670069,"West"
"CP012006","               IOKE",20060817,140,37.3,-50.9,143.765687148326,"Northwest"
"EP102006","             ILEANA",20060821,105,11.7,-21.2,151.106274120968,"Northwest"
"EP112006","               JOHN",20060828,115,16.6,-18.6,138.251945600364,"Northwest"
"EP122006","             KRISTY",20060830,70,-1,-18.5,183.094058058917,"West"
"EP132006","               LANE",20060913,110,10.3,-6.5,122.254710526867,"Northwest"
"CP022006","                TWO",20060914,30,1.8,-34.3,176.995980021305,"West"
"EP142006","             MIRIAM",20060916,40,7.1,2.40000000000001,71.3232982678098,"North"
"CP032006","              THREE",20060925,30,1.8,-6.40000000000001,164.291362170984,"West"
"CP042006","               FOUR",20061007,30,3.2,-0.699999999999989,102.339087278326,"North"
"EP152006","             NORMAN",20061009,45,4.6,12.6,20.0560947365754,"East"
"EP162006","             OLIVIA",20061009,40,2,14.7,7.74777203610812,"East"
"EP172006","               PAUL",20061021,90,9.3,-2.5,105.046391832199,"North"
"EP182006","           EIGHTEEN",20061026,30,-0.699999999999999,-4.80000000000001,188.297144969837,"West"
"EP192006","               ROSA",20061108,35,3.3,-2.60000000000002,128.233825177447,"Northwest"
"EP202006","             TWENTY",20061111,30,-0.4,-1.39999999999998,195.945395900923,"West"
"EP212006","             SERGIO",20061113,95,2.5,-3.99999999999997,147.994616791916,"Northwest"
"EP012007","              ALVIN",20070527,35,-1.7,-16.8,185.778119069127,"West"
"EP022007","            BARBARA",20070529,45,1,5.19999999999999,10.8855270546588,"East"
"EP032007","              THREE",20070611,30,4.6,-6.79999999999998,145.922804719869,"Northwest"
"EP042007","               FOUR",20070709,30,2.6,-6.5,158.198590513648,"West"
"EP052007","               FIVE",20070714,30,2,-7.5,165.068582821862,"West"
"EP062007","              COSME",20070714,65,4.6,-53.6,175.094843859124,"West"
"EP072007","             DALILA",20070722,50,11.3,-17.9,147.736400204798,"Northwest"
"EP082007","              ERICK",20070731,35,0.4,-5.19999999999999,175.601294645004,"West"
"EP092007","            FLOSSIE",20070808,120,3.7,-35.1,173.982496967154,"West"
"EP102007","                GIL",20070829,40,0.900000000000002,-15.2,176.611443009276,"West"
"EP112007","          HENRIETTE",20070830,75,16.4,-14.6,131.676879554865,"Northwest"
"EP122007","                IVO",20070918,70,9.1,-3.29999999999998,109.932536561939,"North"
"EP132007","           THIRTEEN",20070919,30,1.9,-3.5,151.504361381755,"Northwest"
"EP142007","           JULIETTE",20070929,50,7.2,-3.09999999999999,113.294563253894,"Northwest"
"EP152007","               KIKO",20071015,60,6.1,-13.7,155.998719034387,"Northwest"
"EP012008","               ALMA",20080529,55,4.9,-1.5,107.02052561152,"North"
"EP022008","              BORIS",20080627,70,3.6,-30.1,173.179745561519,"West"
"EP032008","           CRISTINA",20080627,45,-1,-15.2,183.764034864906,"West"
"EP042008","            DOUGLAS",20080701,35,5,-8.80000000000001,150.395549253995,"Northwest"
"EP052008","               FIVE",20080705,30,4.2,-2.89999999999998,124.624155079949,"Northwest"
"EP062008","              ELIDA",20080711,90,5.2,-51,174.17819625,"West"
"EP072008","             FAUSTO",20080716,80,14.4,-31.5,155.432828679399,"Northwest"
"EP082008","          GENEVIEVE",20080721,65,3.2,-39.7,175.391663419673,"West"
"CP012008","               KIKA",20080804,35,-1.3,-52.4,181.421168652802,"West"
"EP092008","             HERNAN",20080806,105,2.8,-39.1,175.903969592457,"West"
"EP102008","             ISELLE",20080813,45,-2.4,-20.5,186.677402178041,"West"
"EP112008","              JULIO",20080823,45,10.1,-4.09999999999999,112.094230341583,"North"
"EP122008","             KARINA",20080902,35,1.7,-4,156.974507991472,"Northwest"
"EP132008","             LOWELL",20080906,45,8.1,-5.39999999999998,123.69006752598,"Northwest"
"EP142008","              MARIE",20081001,70,-5.7,-23.6,193.578344888979,"West"
"EP152008","            NORBERT",20081004,115,14.8,-7.89999999999998,118.092576619291,"Northwest"
"EP162008","              ODILE",20081008,50,5.7,-15.6,159.928474135461,"West"
"EP172008","          SEVENTEEN",20081023,30,3.7,-12.5,163.511246294109,"West"
"EP182008","               POLO",20081102,40,1.4,-11.4,172.998732442505,"West"
"EP012009","                ONE",20090617,30,4.9,0.800000000000011,80.7273982227996,"North"
"EP022009","             ANDRES",20090621,70,5.6,-6.39999999999998,138.81407483429,"Northwest"
"EP032009","             BLANCA",20090706,45,10.6,-15.5,145.632908983879,"Northwest"
"EP042009","             CARLOS",20090710,90,-0.6,-24.7,181.391526652548,"West"
"EP052009","            DOLORES",20090714,50,17.5,-24.2,144.127784673492,"Northwest"
"EP062009","               LANA",20090730,55,2.4,-22.6,173.938211211271,"West"
"EP072009","            ENRIQUE",20090803,55,11.4,-17.7,147.215719134131,"Northwest"
"EP082009","            FELICIA",20090803,125,9.7,-33.1,163.666705504749,"West"
"CP012009","               MAKA",20090808,45,5.9,-29.9,168.837546684219,"West"
"EP092009","               NINE",20090809,30,-3.4,-21.2,189.111357044784,"West"
"EP102009","          GUILLERMO",20090812,110,25.9,-41.4,147.969743435757,"Northwest"
"EP112009","              HILDA",20090821,55,3.3,-44.4,175.749345425349,"West"
"EP122009","            IGNACIO",20090824,45,13.4,-12.2,132.316224840531,"Northwest"
"CP022009","                TWO",20090826,30,5,-23.5,167.988521613635,"West"
"EP142009","              KEVIN",20090827,45,4.9,-15.9,162.871952526403,"West"
"EP132009","             JIMENA",20090828,135,13.1,-16.5,141.552554670829,"Northwest"
"EP152009","              LINDA",20090906,70,5.4,-14.9,160.078667879515,"West"
"EP162009","              MARTY",20090915,40,6.2,-20.5,163.172634826797,"West"
"EP172009","               NORA",20090922,50,2,-19.2,174.053136946026,"West"
"EP182009","               OLAF",20091001,40,5.5,6.10000000000002,42.0390638658361,"Northeast"
"EP192009","           PATRICIA",20091011,50,5.2,-4.70000000000002,132.10873040378,"Northwest"
"EP202009","               RICK",20091015,155,12.4,-8.59999999999997,124.743180158303,"Northwest"
"CP032009","               NEKI",20091018,110,20.4,-9.10000000000002,114.040619534577,"Northwest"
"EP012010","             AGATHA",20100528,40,3,2.90000000000003,45.9710219310788,"Northeast"
"EP032010","               BLAS",20100615,55,1.6,-20.6,175.558758810567,"West"
"EP022010","                TWO",20100616,30,0.6,-1.19999999999999,153.434948822922,"Northwest"
"EP042010","              CELIA",20100618,140,3.2,-29,173.703181281016,"West"
"EP052010","              DARBY",20100620,105,7.4,-8.10000000000002,137.585794342425,"Northwest"
"EP062010","                SIX",20100714,30,4.7,-17,164.545443784875,"West"
"EP072010","            ESTELLE",20100804,55,2.3,-18.2,172.797504618523,"West"
"EP082010","              EIGHT",20100820,30,3.3,-7.60000000000002,156.529006881839,"Northwest"
"EP092010","              FRANK",20100821,80,6.9,-18,159.026506578679,"West"
"EP102010","                TEN",20100903,30,4,-4.40000000000001,137.726310993906,"Northwest"
"EP112010","             ELEVEN",20100903,30,2.6,-1.5,119.981639368849,"Northwest"
"EP122010","          GEORGETTE",20100920,35,8.6,-2.69999999999999,107.429862817668,"North"
"CP012010","              OMEKA",20101216,50,4.1,13,17.5044727268436,"East"
"EP012011","             ADRIAN",20110607,120,6,-18.4,161.939528063801,"West"
"EP022011","            BEATRIZ",20110618,80,6.6,-8.70000000000002,142.815293546767,"Northwest"
"EP032011","             CALVIN",20110707,70,3.6,-21.1,170.317648998352,"West"
"EP042011","               DORA",20110718,135,16.1,-25.8,148.034558074755,"Northwest"
"EP052011","             EUGENE",20110730,120,7.2,-44,170.706691400603,"West"
"EP062011","           FERNANDA",20110814,60,3.6,-27.2,172.460554860491,"West"
"EP072011","               GREG",20110816,75,5.7,-27.8,168.41289591024,"West"
"EP082011","              EIGHT",20110831,30,2.8,-5.20000000000002,151.699244233994,"Northwest"
"EP092011","             HILARY",20110921,125,8.4,-30.3,164.505151400861,"West"
"EP112011","              IRWIN",20111004,85,4,2.19999999999999,61.1892062570271,"Northeast"
"EP102011","               JOVA",20111005,110,11.6,-1.69999999999999,98.3374444388467,"North"
"EP122011","             TWELVE",20111006,30,7.2,-2.19999999999999,106.990823291986,"North"
"EP132011","            KENNETH",20111118,125,3.9,-32.6,173.17801857128,"West"
"EP012012","             ALETTA",20120513,45,4.5,-7.40000000000001,148.695876504409,"Northwest"
"EP022012","                BUD",20120520,100,11.5,-7.69999999999999,123.8048885737,"Northwest"
"EP032012","           CARLOTTA",20120613,95,9.3,-8.80000000000001,133.417646077381,"Northwest"
"EP042012","             DANIEL",20120704,100,2.9,-51.9,176.801827405195,"West"
"EP052012","             EMILIA",20120707,120,5.1,-55.2,174.721353936581,"West"
"EP062012","              FABIO",20120710,95,15.3,-16.3,136.812552685516,"Northwest"
"EP072012","              GILMA",20120806,70,7.8,-16.4,154.563783619583,"Northwest"
"EP082012","             HECTOR",20120811,45,5.6,-10.2,151.232350661156,"Northwest"
"EP092012","             ILEANA",20120825,75,5.1,-34.5,171.591088267399,"West"
"EP102012","               JOHN",20120902,40,9.2,-14.6,147.783453941424,"Northwest"
"EP112012","             KRISTY",20120911,50,7.7,-13.2,149.743562836471,"Northwest"
"EP122012","               LANE",20120915,75,7.8,-10.2,142.594643368591,"Northwest"
"EP132012","             MIRIAM",20120922,105,3.2,-10.3,162.741045707096,"West"
"EP142012","             NORMAN",20120928,45,4,-3,126.869897645844,"Northwest"
"EP152012","             OLIVIA",20121006,50,0.199999999999999,-7.09999999999999,178.386461067119,"West"
"EP162012","               PAUL",20121013,105,14.6,-3.90000000000001,104.955839930074,"North"
"EP172012","               ROSA",20121029,45,-0.700000000000001,-7.30000000000001,185.477368728829,"West"
"EP012013","              ALVIN",20130513,50,2.9,-14.9,168.986167109649,"West"
"EP022013","            BARBARA",20130528,70,4.9,2.20000000000005,65.8208928533104,"Northeast"
"EP032013","              COSME",20130623,75,11.3,-35.2,162.20218927068,"West"
"EP042013","             DALILA",20130628,70,7,-6.60000000000002,133.315315682104,"Northwest"
"EP052013","              ERICK",20130704,70,11.5,-15.3,143.070232177918,"Northwest"
"EP062013","            FLOSSIE",20130725,60,7.4,-37.6,168.866000789353,"West"
"EP072013","                GIL",20130730,75,2.1,-29.9,175.982478956341,"West"
"EP082013","          HENRIETTE",20130802,90,0.700000000000001,-42.5,179.05639012943,"West"
"CP032013","              THREE",20130809,30,9.4,-65.6,171.845443622782,"West"
"CP022013","              UNALA",20130812,35,5.3,-39.8,172.41478648312,"West"
"CP012013","               PEWA",20130815,65,20.8,-26.5,141.871430852479,"Northwest"
"EP092013","                IVO",20130820,40,10.9,-8.40000000000001,127.619363641159,"Northwest"
"EP102013","           JULIETTE",20130828,55,8.5,-11.1,142.556344056439,"Northwest"
"EP112013","               KIKO",20130829,65,7.4,-1,97.6960517220166,"North"
"EP122013","             LORENA",20130904,45,6.8,-7.90000000000001,139.279463530245,"Northwest"
"EP132013","             MANUEL",20130913,65,10,-6.20000000000002,121.798912824294,"Northwest"
"EP142013","              NARDA",20131006,55,1.6,-15,173.911471845805,"West"
"EP152013","             OCTAVE",20131012,55,12.1,0.299999999999983,88.579734453601,"North"
"EP162013","          PRISCILLA",20131013,40,6.1,-8.59999999999999,144.651833466804,"Northwest"
"EP172013","            RAYMOND",20131019,110,7.8,-15.4,153.138082155597,"Northwest"
"EP182013","              SONIA",20131101,40,8.6,0.400000000000006,87.3369992339328,"North"
"EP012014","             AMANDA",20140522,135,6.1,-3.79999999999998,121.920876219933,"Northwest"
"EP022014","              BORIS",20140601,40,4.2,-0.800000000000011,100.784297867563,"North"
"EP032014","           CRISTINA",20140609,130,7.4,-15.3,154.188797155993,"Northwest"
"EP042014","            DOUGLAS",20140628,45,12.7,-21.1,148.956444383712,"Northwest"
"EP052014","              ELIDA",20140630,45,-0.100000000000001,0.600000000000023,350.537677791975,"East"
"EP062014","             FAUSTO",20140706,40,0.5,-14,177.954591511113,"West"
"CP012014","               WALI",20140717,40,4.6,-4.30000000000001,133.069412558833,"Northwest"
"EP072014","          GENEVIEVE",20140722,140,26.4,-73.8,160.316672453559,"West"
"EP082014","             HERNAN",20140726,65,13,-21,148.240519915187,"Northwest"
"EP092014","             ISELLE",20140730,120,8.4,-47.9,170.053445072658,"West"
"EP102014","              JULIO",20140802,105,26.3,-47.3,150.924830295376,"Northwest"
"EP112014","             KARINA",20140812,75,1.2,-18.1,176.206935718311,"West"
"EP122014","             LOWELL",20140817,65,15,-29.6,153.12607968817,"Northwest"
"EP132014","              MARIE",20140822,140,18.3,-41.3,156.10190274872,"Northwest"
"EP142014","            NORBERT",20140902,110,9.9,-11.2,138.525615197174,"Northwest"
"EP152014","              ODILE",20140909,120,17.5,-11.9,124.215702132437,"Northwest"
"EP162014","            SIXTEEN",20140910,30,9.9,7.69999999999999,52.1250163489018,"Northeast"
"EP172014","               POLO",20140916,65,4.1,-23.8,170.225654847908,"West"
"EP182014","             RACHEL",20140924,75,7.8,-15,152.525568373723,"Northwest"
"EP192014","              SIMON",20140930,115,13,-13.3,135.653535680678,"Northwest"
"CP022014","                ANA",20141013,75,29.4,-9.29999999999998,107.55354482634,"North"
"EP202014","              TRUDY",20141017,55,3.4,0.400000000000034,83.2901631922425,"North"
"EP212014","              VANCE",20141029,95,10.8,-8.19999999999999,127.207921921782,"Northwest"
"EP012015","             ANDRES",20150528,125,7.5,-10,143.130102354156,"Northwest"
"EP022015","             BLANCA",20150531,125,16.5,-11.8,125.570512045981,"Northwest"
"EP032015","             CARLOS",20150610,80,9.9,-8.39999999999998,130.314100160497,"Northwest"
"EP042015","                ELA",20150707,40,9.3,-18.9,153.799885158653,"Northwest"
"EP052015","            DOLORES",20150711,115,19,-25.7,143.524497610902,"Northwest"
"EP062015","            ENRIQUE",20150712,45,9.3,-13.5,145.437475351118,"Northwest"
"EP072015","            FELICIA",20150722,35,8,-13.3,148.972933240087,"Northwest"
"EP082015","              EIGHT",20150727,30,1.4,-19.6,175.914383220025,"West"
"EP092015","          GUILLERMO",20150727,95,17.3,-52.4,161.729222015795,"West"
"EP102015","              HILDA",20150806,125,2.8,-29.8,174.632263152844,"West"
"EP112015","             ELEVEN",20150816,30,12.8,-18.5,145.320954362498,"Northwest"
"EP122015","            IGNACIO",20150823,125,22.5,-35.1,147.339087278326,"Northwest"
"EP132015","             JIMENA",20150825,135,15,-51.9,163.879789143408,"West"
"EP142015","              KEVIN",20150831,50,12.3,-3.10000000000002,104.145795494103,"North"
"EP152015","              LINDA",20150904,110,17.8,-18.7,136.412486430836,"Northwest"
"EP162015","            SIXTEEN",20150920,30,4.9,1.5,72.9794743884802,"North"
"EP172015","              MARTY",20150926,70,3.7,0.100000000000023,88.4518423010217,"North"
"EP182015","               NORA",20151009,60,6,-22.5,165.068582821862,"West"
"EP192015","               OLAF",20151015,130,16,-18,138.36646066343,"Northwest"
"EP202015","           PATRICIA",20151020,185,9.8,-8.30000000000001,130.26255665199,"Northwest"
"EP212015","               RICK",20151118,35,7.3,-18.9,158.881276017609,"West"
"EP222015","             SANDRA",20151123,130,13.3,-7.19999999999999,118.429048833086,"Northwest"
